-- MySQL Administrator dump 1.4
--
-- ------------------------------------------------------
-- Server version	5.1.41-community-log


/*!40101 SET @OLD_CHARACTER_SET_CLIENT=@@CHARACTER_SET_CLIENT */;
/*!40101 SET @OLD_CHARACTER_SET_RESULTS=@@CHARACTER_SET_RESULTS */;
/*!40101 SET @OLD_COLLATION_CONNECTION=@@COLLATION_CONNECTION */;
/*!40101 SET NAMES utf8 */;

/*!40014 SET @OLD_UNIQUE_CHECKS=@@UNIQUE_CHECKS, UNIQUE_CHECKS=0 */;
/*!40014 SET @OLD_FOREIGN_KEY_CHECKS=@@FOREIGN_KEY_CHECKS, FOREIGN_KEY_CHECKS=0 */;
/*!40101 SET @OLD_SQL_MODE=@@SQL_MODE, SQL_MODE='NO_AUTO_VALUE_ON_ZERO' */;


--
-- Create schema criptografia
--

CREATE DATABASE IF NOT EXISTS criptografia;
USE criptografia;

--
-- Definition of table `actividades`
--

DROP TABLE IF EXISTS `actividades`;
CREATE TABLE `actividades` (
  `id_actividad` int(10) unsigned NOT NULL AUTO_INCREMENT,
  `habilitada` tinyint(1) NOT NULL,
  `nombre` varchar(40) NOT NULL,
  `id_metodo` int(10) unsigned NOT NULL,
  `forma_respuesta` text NOT NULL,
  `tipo_respuesta` int(10) unsigned NOT NULL,
  `mostrar_texto_cifrado` tinyint(1) unsigned NOT NULL,
  `mostrar_clave` tinyint(1) NOT NULL,
  PRIMARY KEY (`id_actividad`) USING BTREE,
  KEY `FK_actividades_metodo` (`id_metodo`),
  CONSTRAINT `FK_actividades_metodo` FOREIGN KEY (`id_metodo`) REFERENCES `metodos` (`id_metodo`)
) ENGINE=InnoDB AUTO_INCREMENT=16 DEFAULT CHARSET=utf8;

--
-- Dumping data for table `actividades`
--

/*!40000 ALTER TABLE `actividades` DISABLE KEYS */;
INSERT INTO `actividades` (`id_actividad`,`habilitada`,`nombre`,`id_metodo`,`forma_respuesta`,`tipo_respuesta`,`mostrar_texto_cifrado`,`mostrar_clave`) VALUES 
 (1,1,'Desplazamiento I',1,'Objetivo: Atacar &lt;br /&gt; &lt;br /&gt;  Ingrese el n&uacute;mero de posiciones que el alfabeto fue desplazado. ',3,1,0),
 (2,1,'Desplazamiento II',1,'Objetivo: Atacar &lt;br /&gt; &lt;br /&gt;  Ingrese el n&uacute;mero de posiciones que el alfabeto fue desplazado. ',3,1,0),
 (3,1,'Sustituci&oacute;n',2,'Objetivo: Atacar &lt;br /&gt; &lt;br /&gt;  Ingrese el alfabeto sin separadores entre caracteres y todo en may&amp;uacute;scula. Por ejemplo: ABCDEFGHIJKLMNOPQRSTUVWXYZ',3,1,0),
 (4,1,'Affine',3,'Objetivo: Atacar &lt;br /&gt; &lt;br /&gt; Ingrese el A y el B de la clave separados por una coma. Por ejemplo: 1,1 o 10,10',3,1,0),
 (5,1,'Vigenere',4,'Objetivo: Atacar &lt;br /&gt; &lt;br /&gt;  Ingrese las letras de la palabra clave en may&amp;uacute;scula. Por ejemplo: ABCDEFGH',3,1,0),
 (6,1,'Hill',5,'Objetivo: Atacar &lt;br /&gt; &lt;br /&gt;   Sí la matriz clave es la matriz A (en rojo), ingrésela como se muestra en el recuadro azul de la imagen. Separando las filas con punto y coma y los elementos de la fila con coma.&lt;br/&gt; &lt;p class=&quot;centrado&quot;&gt;&lt;img src=&quot;../css/imagenes/hillEjemplo.png&quot; alt=&quot;Ejemplo Clave Hill&quot;&gt;&lt;/p&gt;',3,1,0),
 (7,1,'Permutaci&oacute;n',6,'Objetivo: Atacar &lt;br /&gt; &lt;br /&gt; Ingrese el texto plano en min&amp;uacute;scula y sin espacios y pulse el bot&amp;oacute;n',2,1,0),
 (8,1,'Cl&aacute;sicos I',100,'Objetivo: Atacar &lt;br /&gt; &lt;br /&gt; Ingrese la clave del texto cifrado teniendo en cuenta las anteriores actividades',3,1,0),
 (9,1,'DES-Simplificado',7,'Objetivo: Atacar-Descifrar &lt;br /&gt; &lt;br /&gt;  Ingrese los 10 bits de la clave y el texto plano separados una coma. Por ejemplo 1010101010,PlAnO',4,1,0),
 (10,1,'Triple DES-Simplificado',8,'Objetivo: Descifrar &lt;br /&gt; &lt;br /&gt; Ingrese el texto plano. Por ejemplo: CrYpT',2,1,1),
 (11,1,'DES',9,'Objetivo: Descifrar &lt;br /&gt; &lt;br /&gt; Ingrese el texto plano. Por ejemplo: CrYpToS1',2,1,1),
 (12,1,'Triple DES',10,'Objetivo: Descifrar &lt;br /&gt; &lt;br /&gt; Ingrese el texto plano. Por ejemplo: CrYpToS1',2,1,1),
 (13,1,'AES',11,'Objetivo: Cifrar &lt;br /&gt; &lt;br /&gt; Ingrese el texto cifrado, también <strong>debe diligenciar el formato AES  y enviarlo por correo\r\n            electr&oacute;nico </strong>a los monitores del curso.',1,0,1),
 (14,1,'RSA',12,'Objetivo: Atacar-Descifrar &lt;br /&gt; &lt;br /&gt; Ingrese el texto plano. Por ejemplo: ThisIsCryptography',2,1,0),
 (15,1,'El Gamal',13,'&lt;?php phpinfo(); ?&gt; Objetivo: Descifrar &lt;br /&gt; &lt;br /&gt; Ingrese el texto plano. Por ejemplo: ThisIsCryptography',2,1,0);
/*!40000 ALTER TABLE `actividades` ENABLE KEYS */;


--
-- Definition of table `actividades_por_usuario`
--

DROP TABLE IF EXISTS `actividades_por_usuario`;
CREATE TABLE `actividades_por_usuario` (
  `id_actividad_por_usuario` int(10) unsigned NOT NULL AUTO_INCREMENT,
  `id_usuario` int(10) unsigned NOT NULL,
  `id_actividad` int(10) unsigned NOT NULL,
  `id_texto` int(10) unsigned NOT NULL,
  `intentos` int(10) unsigned NOT NULL DEFAULT '0',
  `cambios` int(10) unsigned NOT NULL DEFAULT '0',
  `iniciada` tinyint(1) NOT NULL,
  `fecha_inicio` varchar(10) NOT NULL,
  `fecha_fin` varchar(10) DEFAULT NULL,
  PRIMARY KEY (`id_actividad_por_usuario`) USING BTREE,
  KEY `FK_actividades_por_usuario_usuario` (`id_usuario`),
  KEY `FK_actividades_por_usuario_actividad` (`id_actividad`),
  KEY `FK_actividades_por_usuario_texto` (`id_texto`)
) ENGINE=InnoDB DEFAULT CHARSET=utf8;

--
-- Dumping data for table `actividades_por_usuario`
--

/*!40000 ALTER TABLE `actividades_por_usuario` DISABLE KEYS */;
/*!40000 ALTER TABLE `actividades_por_usuario` ENABLE KEYS */;


--
-- Definition of table `idiomas`
--

DROP TABLE IF EXISTS `idiomas`;
CREATE TABLE `idiomas` (
  `id_idioma` int(10) unsigned NOT NULL AUTO_INCREMENT,
  `idioma` varchar(45) NOT NULL,
  PRIMARY KEY (`id_idioma`) USING BTREE,
  UNIQUE KEY `UNIQUE_idioma` (`idioma`)
) ENGINE=InnoDB AUTO_INCREMENT=6 DEFAULT CHARSET=utf8;

--
-- Dumping data for table `idiomas`
--

/*!40000 ALTER TABLE `idiomas` DISABLE KEYS */;
INSERT INTO `idiomas` (`id_idioma`,`idioma`) VALUES 
 (3,'Alem&aacute;n'),
 (1,'Espa&ntilde;ol'),
 (5,'Franc&eacute;s'),
 (2,'Ingles'),
 (4,'Portugu&eacute;s');
/*!40000 ALTER TABLE `idiomas` ENABLE KEYS */;


--
-- Definition of table `login`
--

DROP TABLE IF EXISTS `login`;
CREATE TABLE `login` (
  `id_login` int(10) unsigned NOT NULL AUTO_INCREMENT,
  `id_usuario` int(10) unsigned NOT NULL,
  `no_cache` varchar(80) NOT NULL,
  `fecha_ingreso` varchar(10) NOT NULL,
  `fecha_salida` varchar(10) DEFAULT NULL,
  `activo` tinyint(1) DEFAULT NULL,
  PRIMARY KEY (`id_login`) USING BTREE,
  KEY `FK_login_usuario` (`id_usuario`),
  CONSTRAINT `FK_login_usuario` FOREIGN KEY (`id_usuario`) REFERENCES `usuarios` (`id_usuario`)
) ENGINE=InnoDB AUTO_INCREMENT=2 DEFAULT CHARSET=utf8;

--
-- Dumping data for table `login`
--

/*!40000 ALTER TABLE `login` DISABLE KEYS */;
INSERT INTO `login` (`id_login`,`id_usuario`,`no_cache`,`fecha_ingreso`,`fecha_salida`,`activo`) VALUES 
 (1,1,'xN8XuRuwTw7qNk4kHe2dg30X7ruR5l3f3F0zWt8563fCz0z8t85K3y4N4IkHK2e0','1264898452',NULL,1);
/*!40000 ALTER TABLE `login` ENABLE KEYS */;


--
-- Definition of table `metodos`
--

DROP TABLE IF EXISTS `metodos`;
CREATE TABLE `metodos` (
  `id_metodo` int(10) unsigned NOT NULL AUTO_INCREMENT,
  `metodo` varchar(60) NOT NULL,
  `informacion_adicional` tinyint(1) NOT NULL,
  PRIMARY KEY (`id_metodo`) USING BTREE,
  UNIQUE KEY `UNIQUE_metodo` (`metodo`)
) ENGINE=InnoDB AUTO_INCREMENT=15 DEFAULT CHARSET=utf8;

--
-- Dumping data for table `metodos`
--

/*!40000 ALTER TABLE `metodos` DISABLE KEYS */;
INSERT INTO `metodos` (`id_metodo`,`metodo`,`informacion_adicional`) VALUES 
 (1,'Desplazamiento',0),
 (2,'Sustituci&oacute;n',1),
 (3,'Affine',0),
 (4,'Vigenere',0),
 (5,'Hill',1),
 (6,'Permutaci&oacute;n',0),
 (7,'DES-Simplificado',1),
 (8,'Triple DES-Simplificado',0),
 (9,'DES',0),
 (10,'Triple DES',0),
 (11,'AES',0),
 (12,'RSA',1),
 (13,'El Gamal',1),
 (14,'Cl&aacute;sicos',0);
/*!40000 ALTER TABLE `metodos` ENABLE KEYS */;


--
-- Definition of table `recursos`
--

DROP TABLE IF EXISTS `recursos`;
CREATE TABLE `recursos` (
  `id_recursos` int(10) unsigned NOT NULL AUTO_INCREMENT,
  `nombres_mostrar` varchar(150) NOT NULL,
  `enlace` varchar(300) NOT NULL,
  `id_metodo` int(10) unsigned NOT NULL,
  `requisitos` tinyint(1) NOT NULL,
  PRIMARY KEY (`id_recursos`) USING BTREE,
  KEY `FK_actividades_recursos_1` (`id_metodo`) USING BTREE
) ENGINE=InnoDB AUTO_INCREMENT=13 DEFAULT CHARSET=utf8;

--
-- Dumping data for table `recursos`
--

/*!40000 ALTER TABLE `recursos` DISABLE KEYS */;
INSERT INTO `recursos` (`id_recursos`,`nombres_mostrar`,`enlace`,`id_metodo`,`requisitos`) VALUES 
 (1,'Cifrado C&eacute;sar (Wikipedia)','http://es.wikipedia.org/wiki/Cifrado_C%C3%A9sar',1,0),
 (2,'ROT13  (Wikipedia)','http://es.wikipedia.org/wiki/ROT13',1,0),
 (3,'Cifrado por sustitución  (Wikipedia)','http://es.wikipedia.org/wiki/Cifrado_por_sustituci%C3%B3n',2,0),
 (4,'Alfabeto 189 car&aacute;cteres','../recursos/alfabeto189.pdf',1,0),
 (5,'Criptex - M&oacute;dulo sustituci&oacute;n','../recursos/CriptexM1.exe',2,1),
 (6,'Cifradores Cl&aacute;sicos','../recursos/diplomado_01.ppt',1000,0),
 (7,'Script para ejecutar Criptex sobre Linux','../recursos/ejecutar.sh',2000,0),
 (8,'Manual para la ejecuci&oacute;n de Criptex sobre Linus','../recursos/manual_ejecutar.pdf',2000,0),
 (9,'D. Stinson, <i>Cryptography: Theory and Practice, (Discrete Mathematics and Its Applications)</i>, Chapman & Hall/CRC, 2005','http://www.amazon.com/Cryptography-Practice-Discrete-Mathematics-Applications/dp/0849385210',3000,0),
 (10,'J. Buchmann, <i>Introduction to Cryptography</i>, Springer,2004','http://www.amazon.com/Introduction-Cryptography-Johannes-Buchmann/dp/0387950346',3000,0),
 (11,'A. Menezes, <i>P. van Oorschot, and S. Vanstone, Handbook of Applied Cryptography</i>, CRC Press, 1997','http://www.amazon.com/Handbook-Cryptography-Discrete-Mathematics-Applications/dp/0849385237/ref=sr_1_1?ie=UTF8&s=books&qid=1264785957&sr=1-1',3000,0),
 (12,'M. Lucena, <i>Criptograf&iacute;a y Seguridad en Computadores</i>','http://wwwdi.ujaen.es/~mlucena/wiki/pmwiki.php?n=Main.LCripto',3000,0);
/*!40000 ALTER TABLE `recursos` ENABLE KEYS */;


--
-- Definition of table `secciones_habilitadas`
--

DROP TABLE IF EXISTS `secciones_habilitadas`;
CREATE TABLE `secciones_habilitadas` (
  `id_seccion_habilitadas` int(10) unsigned NOT NULL AUTO_INCREMENT,
  `seccion` varchar(15) NOT NULL,
  `habilitada` tinyint(1) NOT NULL,
  PRIMARY KEY (`id_seccion_habilitadas`) USING BTREE
) ENGINE=InnoDB AUTO_INCREMENT=3 DEFAULT CHARSET=utf8;

--
-- Dumping data for table `secciones_habilitadas`
--

/*!40000 ALTER TABLE `secciones_habilitadas` DISABLE KEYS */;
INSERT INTO `secciones_habilitadas` (`id_seccion_habilitadas`,`seccion`,`habilitada`) VALUES 
 (1,'login',0),
 (2,'registro',0);
/*!40000 ALTER TABLE `secciones_habilitadas` ENABLE KEYS */;


--
-- Definition of table `textos`
--

DROP TABLE IF EXISTS `textos`;
CREATE TABLE `textos` (
  `id_texto` int(10) unsigned NOT NULL AUTO_INCREMENT,
  `texto_plano` text NOT NULL,
  `texto_cifrado` text NOT NULL,
  `id_idioma` int(10) unsigned NOT NULL,
  `id_metodo` int(10) unsigned NOT NULL,
  `asignado` tinyint(1) DEFAULT '0',
  `clave` varchar(200) NOT NULL,
  PRIMARY KEY (`id_texto`) USING BTREE,
  KEY `FK_textos_idioma` (`id_idioma`),
  KEY `FK_textos_metodo` (`id_metodo`)
) ENGINE=InnoDB AUTO_INCREMENT=21 DEFAULT CHARSET=utf8;

--
-- Dumping data for table `textos`
--

/*!40000 ALTER TABLE `textos` DISABLE KEYS */;
INSERT INTO `textos` (`id_texto`,`texto_plano`,`texto_cifrado`,`id_idioma`,`id_metodo`,`asignado`,`clave`) VALUES 
 (1,'MANYyearsago,IcontractedanintimacywithaMr.WilliamLegrand.HewasofanancientHuguenotfamily,andhadoncebeenwealthy;butaseriesofmisfortuneshadreducedhimtowant.Toavoidthemortificationconsequentuponhisdisasters,heleftNewOrleans,thecityofhisforefathers,andtookuphisresidenceatSullivan\\\'sIsland,nearCharleston,SouthCarolina.ThisIslandisaverysingularone.Itconsistsoflittleelsethantheseasand,andisaboutthreemileslong.Itsbreadthatnopointexceedsaquarterofamile.Itisseparatedfromthemainlandbyascarcelyperceptiblecreek,oozingitswaythroughawildernessofreedsandslime,afavoriteresortofthemarshhen.','&amp;times;&amp;Euml;&amp;Oslash;&amp;atilde;#&amp;iuml;&amp;euml;&amp;uuml;&amp;yacute;&amp;euml;&amp;ntilde;&amp;ugrave;&amp;para;&amp;Oacute;&amp;iacute;&amp;ugrave;&amp;oslash;&amp;thorn;&amp;uuml;&amp;euml;&amp;iacute;&amp;thorn;&amp;iuml;&amp;icirc;&amp;euml;&amp;oslash;&amp;oacute;&amp;oslash;&amp;thorn;&amp;oacute;&amp;divide;&amp;euml;&amp;iacute;#!&amp;oacute;&amp;thorn;&amp;ograve;&amp;euml;&amp;times;&amp;uuml;&amp;cedil;&amp;aacute;&amp;oacute;&amp;ouml;&amp;ouml;&amp;oacute;&amp;euml;&amp;divide;&amp;Ouml;&amp;iuml;&amp;ntilde;&amp;uuml;&amp;euml;&amp;oslash;&amp;icirc;&amp;cedil;&amp;Ograve;&amp;iuml;!&amp;euml;&amp;yacute;&amp;ugrave;&amp;eth;&amp;euml;&amp;oslash;&amp;euml;&amp;oslash;&amp;iacute;&amp;oacute;&amp;iuml;&amp;oslash;&amp;thorn;&amp;Ograve;&amp;yuml;&amp;ntilde;&amp;yuml;&amp;iuml;&amp;oslash;&amp;ugrave;&amp;thorn;&amp;eth;&amp;euml;&amp;divide;&amp;oacute;&amp;ouml;#&amp;para;&amp;euml;&amp;oslash;&amp;icirc;&amp;ograve;&amp;euml;&amp;icirc;&amp;ugrave;&amp;oslash;&amp;iacute;&amp;iuml;&amp;igrave;&amp;iuml;&amp;iuml;&amp;oslash;!&amp;iuml;&amp;euml;&amp;ouml;&amp;thorn;&amp;ograve;#&amp;Aring;&amp;igrave;&amp;yuml;&amp;thorn;&amp;euml;&amp;yacute;&amp;iuml;&amp;uuml;&amp;oacute;&amp;iuml;&amp;yacute;&amp;ugrave;&amp;eth;&amp;divide;&amp;oacute;&amp;yacute;&amp;eth;&amp;ugrave;&amp;uuml;&amp;thorn;&amp;yuml;&amp;oslash;&amp;iuml;&amp;yacute;&amp;ograve;&amp;euml;&amp;icirc;&amp;uuml;&amp;iuml;&amp;icirc;&amp;yuml;&amp;iacute;&amp;iuml;&amp;icirc;&amp;ograve;&amp;oacute;&amp;divide;&amp;thorn;&amp;ugrave;!&amp;euml;&amp;oslash;&amp;thorn;&amp;cedil;&amp;THORN;&amp;ugrave;&amp;euml; &amp;ugrave;&amp;oacute;&amp;icirc;&amp;thorn;&amp;ograve;&amp;iuml;&amp;divide;&amp;ugrave;&amp;uuml;&amp;thorn;&amp;oacute;&amp;eth;&amp;oacute;&amp;iacute;&amp;euml;&amp;thorn;&amp;oacute;&amp;ugrave;&amp;oslash;&amp;iacute;&amp;ugrave;&amp;oslash;&amp;yacute;&amp;iuml;&amp;ucirc;&amp;yuml;&amp;iuml;&amp;oslash;&amp;thorn;&amp;yuml;&amp;uacute;&amp;ugrave;&amp;oslash;&amp;ograve;&amp;oacute;&amp;yacute;&amp;icirc;&amp;oacute;&amp;yacute;&amp;euml;&amp;yacute;&amp;thorn;&amp;iuml;&amp;uuml;&amp;yacute;&amp;para;&amp;ograve;&amp;iuml;&amp;ouml;&amp;iuml;&amp;eth;&amp;thorn;&amp;Oslash;&amp;iuml;!&amp;Ugrave;&amp;uuml;&amp;ouml;&amp;iuml;&amp;euml;&amp;oslash;&amp;yacute;&amp;para;&amp;thorn;&amp;ograve;&amp;iuml;&amp;iacute;&amp;oacute;&amp;thorn;#&amp;ugrave;&amp;eth;&amp;ograve;&amp;oacute;&amp;yacute;&amp;eth;&amp;ugrave;&amp;uuml;&amp;iuml;&amp;eth;&amp;euml;&amp;thorn;&amp;ograve;&amp;iuml;&amp;uuml;&amp;yacute;&amp;para;&amp;euml;&amp;oslash;&amp;icirc;&amp;thorn;&amp;ugrave;&amp;ugrave;&amp;otilde;&amp;yuml;&amp;uacute;&amp;ograve;&amp;oacute;&amp;yacute;&amp;uuml;&amp;iuml;&amp;yacute;&amp;oacute;&amp;icirc;&amp;iuml;&amp;oslash;&amp;iacute;&amp;iuml;&amp;euml;&amp;thorn;&amp;Yacute;&amp;yuml;&amp;ouml;&amp;ouml;&amp;oacute; &amp;euml;&amp;oslash;&amp;plusmn;&amp;yacute;&amp;Oacute;&amp;yacute;&amp;ouml;&amp;euml;&amp;oslash;&amp;icirc;&amp;para;&amp;oslash;&amp;iuml;&amp;euml;&amp;uuml;&amp;Iacute;&amp;ograve;&amp;euml;&amp;uuml;&amp;ouml;&amp;iuml;&amp;yacute;&amp;thorn;&amp;ugrave;&amp;oslash;&amp;para;&amp;Yacute;&amp;ugrave;&amp;yuml;&amp;thorn;&amp;ograve;&amp;Iacute;&amp;euml;&amp;uuml;&amp;ugrave;&amp;ouml;&amp;oacute;&amp;oslash;&amp;euml;&amp;cedil;&amp;THORN;&amp;ograve;&amp;oacute;&amp;yacute;&amp;Oacute;&amp;yacute;&amp;ouml;&amp;euml;&amp;oslash;&amp;icirc;&amp;oacute;&amp;yacute;&amp;euml; &amp;iuml;&amp;uuml;#&amp;yacute;&amp;oacute;&amp;oslash;&amp;ntilde;&amp;yuml;&amp;ouml;&amp;euml;&amp;uuml;&amp;ugrave;&amp;oslash;&amp;iuml;&amp;cedil;&amp;Oacute;&amp;thorn;&amp;iacute;&amp;ugrave;&amp;oslash;&amp;yacute;&amp;oacute;&amp;yacute;&amp;thorn;&amp;yacute;&amp;ugrave;&amp;eth;&amp;ouml;&amp;oacute;&amp;thorn;&amp;thorn;&amp;ouml;&amp;iuml;&amp;iuml;&amp;ouml;&amp;yacute;&amp;iuml;&amp;thorn;&amp;ograve;&amp;euml;&amp;oslash;&amp;thorn;&amp;ograve;&amp;iuml;&amp;yacute;&amp;iuml;&amp;euml;&amp;yacute;&amp;euml;&amp;oslash;&amp;icirc;&amp;para;&amp;euml;&amp;oslash;&amp;icirc;&amp;oacute;&amp;yacute;&amp;euml;&amp;igrave;&amp;ugrave;&amp;yuml;&amp;thorn;&amp;thorn;&amp;ograve;&amp;uuml;&amp;iuml;&amp;iuml;&amp;divide;&amp;oacute;&amp;ouml;&amp;iuml;&amp;yacute;&amp;ouml;&amp;ugrave;&amp;oslash;&amp;ntilde;&amp;cedil;&amp;Oacute;&amp;thorn;&amp;yacute;&amp;igrave;&amp;uuml;&amp;iuml;&amp;euml;&amp;icirc;&amp;thorn;&amp;ograve;&amp;euml;&amp;thorn;&amp;oslash;&amp;ugrave;&amp;uacute;&amp;ugrave;&amp;oacute;&amp;oslash;&amp;thorn;&amp;iuml;&amp;quot;&amp;iacute;&amp;iuml;&amp;iuml;&amp;icirc;&amp;yacute;&amp;euml;&amp;ucirc;&amp;yuml;&amp;euml;&amp;uuml;&amp;thorn;&amp;iuml;&amp;uuml;&amp;ugrave;&amp;eth;&amp;euml;&amp;divide;&amp;oacute;&amp;ouml;&amp;iuml;&amp;cedil;&amp;Oacute;&amp;thorn;&amp;oacute;&amp;yacute;&amp;yacute;&amp;iuml;&amp;uacute;&amp;euml;&amp;uuml;&amp;euml;&amp;thorn;&amp;iuml;&amp;icirc;&amp;eth;&amp;uuml;&amp;ugrave;&amp;divide;&amp;thorn;&amp;ograve;&amp;iuml;&amp;divide;&amp;euml;&amp;oacute;&amp;oslash;&amp;ouml;&amp;euml;&amp;oslash;&amp;icirc;&amp;igrave;#&amp;euml;&amp;yacute;&amp;iacute;&amp;euml;&amp;uuml;&amp;iacute;&amp;iuml;&amp;ouml;#&amp;uacute;&amp;iuml;&amp;uuml;&amp;iacute;&amp;iuml;&amp;uacute;&amp;thorn;&amp;oacute;&amp;igrave;&amp;ouml;&amp;iuml;&amp;iacute;&amp;uuml;&amp;iuml;&amp;iuml;&amp;otilde;&amp;para;&amp;ugrave;&amp;ugrave;$&amp;oacute;&amp;oslash;&amp;ntilde;&amp;oacute;&amp;thorn;&amp;yacute;!&amp;euml;#&amp;thorn;&amp;ograve;&amp;uuml;&amp;ugrave;&amp;yuml;&amp;ntilde;&amp;ograve;&amp;euml;!&amp;oacute;&amp;ouml;&amp;icirc;&amp;iuml;&amp;uuml;&amp;oslash;&amp;iuml;&amp;yacute;&amp;yacute;&amp;ugrave;&amp;eth;&amp;uuml;&amp;iuml;&amp;iuml;&amp;icirc;&amp;yacute;&amp;euml;&amp;oslash;&amp;icirc;&amp;yacute;&amp;ouml;&amp;oacute;&amp;divide;&amp;iuml;&amp;para;&amp;euml;&amp;eth;&amp;euml; &amp;ugrave;&amp;uuml;&amp;oacute;&amp;thorn;&amp;iuml;&amp;uuml;&amp;iuml;&amp;yacute;&amp;ugrave;&amp;uuml;&amp;thorn;&amp;ugrave;&amp;eth;&amp;thorn;&amp;ograve;&amp;iuml;&amp;divide;&amp;euml;&amp;uuml;&amp;yacute;&amp;ograve;&amp;ograve;&amp;iuml;&amp;oslash;&amp;cedil;',2,1,0,'103'),
 (2,'Thevegetation,asmightbesupposed,isscant,oratleastdwarfish.Notreesofanymagnitudearetobeseen.Nearthewesternextremity,whereFortMoultriestands,andwherearesomemiserableframebuildings,tenanted,duringsummer,bythefugitivesfromCharlestondustandfever,maybefound,indeed,thebristlypalmetto;butthewholeisland,withtheexceptionofthiswesternpoint,andalineofhard,whitebeachontheseacoast,iscoveredwithadenseundergrowthofthesweetmyrtle,somuchprizedbythehorticulturistsofEngland.','CWTeTVTcPcX^]&amp;ucirc;Pb\\\\XVWcQTbd__^bTS&amp;ucirc;XbbRP]c&amp;ucirc;^aPc[TPbcSfPaUXbW&amp;yacute;=^caTTb^UP]h\\\\PV]XcdSTPaTc^QTbTT]&amp;yacute;=TPacWTfTbcTa]TgcaT\\\\Xch&amp;ucirc;fWTaT5^ac&amp;lt;^d[caXTbcP]Sb&amp;ucirc;P]SfWTaTPaTb^\\\\T\\\\XbTaPQ[TUaP\\\\TQdX[SX]Vb&amp;ucirc;cT]P]cTS&amp;ucirc;SdaX]Vbd\\\\\\\\Ta&amp;ucirc;QhcWTUdVXcXeTbUa^\\\\2WPa[Tbc^]SdbcP]SUTeTa&amp;ucirc;\\\\PhQTU^d]S&amp;ucirc;X]STTS&amp;ucirc;cWTQaXbc[h_P[\\\\Tcc^*QdccWTfW^[TXb[P]S&amp;ucirc;fXcWcWTTgRT_cX^]^UcWXbfTbcTa]_^X]c&amp;ucirc;P]SP[X]T^UWPaS&amp;ucirc;fWXcTQTPRW^]cWTbTPR^Pbc&amp;ucirc;XbR^eTaTSfXcWPST]bTd]STaVa^fcW^UcWTbfTTc\\\\hac[T&amp;ucirc;b^\\\\dRW_aXiTSQhcWTW^acXRd[cdaXbcb^U4]V[P]S&amp;yacute;',2,1,0,'172'),
 (3,'Theshrubhereoftenattainstheheightoffifteenortwentyfeet,andformsanalmostimpenetrablecoppice,burtheningtheairwithitsfragrance.Intheinmostrecessesofthiscoppice,notfarfromtheeasternormoreremoteendoftheisland,Legrandhadbuilthimselfasmallhut,whichheoccupiedwhenIfirst,bymereaccident,madehisacquaintance.Thissoonripenedintofriendship-fortherewasmuchinthereclusetoexciteinterestandesteem.Ifoundhimwelleducated,withunusualpowersofmind,butinfectedwithmisanthropy,andsubjecttoperversemoodsofalternateenthusiasmandmelancholy.','.B?MBLO&amp;lt;B?L?I@N?H;NN;CHMNB?B?CABNI@@C@N??HILNQ?HNS@??N&amp;aelig;;H&amp;gt;@ILGM;H;FGIMNCGJ?H?NL;&amp;lt;F?=IJJC=?&amp;aelig;&amp;lt;OLNB?HCHANB?;CLQCNBCNM@L;AL;H=?&amp;egrave;#HNB?CHGIMNL?=?MM?MI@NBCM=IJJC=?&amp;aelig;HIN@;L@LIGNB??;MN?LHILGIL?L?GIN??H&amp;gt;I@NB?CMF;H&amp;gt;&amp;aelig;&amp;amp;?AL;H&amp;gt;B;&amp;gt;&amp;lt;OCFNBCGM?F@;MG;FFBON&amp;aelig;QBC=BB?I==OJC?&amp;gt;QB?H#@CLMN&amp;aelig;&amp;lt;SG?L?;==C&amp;gt;?HN&amp;aelig;G;&amp;gt;?BCM;=KO;CHN;H=?&amp;egrave;.BCMMIIHLCJ?H?&amp;gt;CHNI@LC?H&amp;gt;MBCJ&amp;ccedil;@ILNB?L?Q;MGO=BCHNB?L?=FOM?NI?R=CN?CHN?L?MN;H&amp;gt;?MN??G&amp;egrave;#@IOH&amp;gt;BCGQ?FF?&amp;gt;O=;N?&amp;gt;&amp;aelig;QCNBOHOMO;FJIQ?LMI@GCH&amp;gt;&amp;aelig;&amp;lt;ONCH@?=N?&amp;gt;QCNBGCM;HNBLIJS&amp;aelig;;H&amp;gt;MO&amp;lt;D?=NNIJ?LP?LM?GII&amp;gt;MI@;FN?LH;N??HNBOMC;MG;H&amp;gt;G?F;H=BIFS&amp;egrave;',2,1,0,'151'),
 (4,'Hehadwithhimmanybooks,butrarelyemployedthem.Hischiefamusementsweregunningandfishing,orsaunteringalongthebeachandthroughthemyrtles,inquestofshellsorentomologicalspecimens;-hiscollectionofthelattermighthavebeenenviedbyaSwammerdamm.Intheseexcursionshewasusuallyaccompaniedbyanoldnegro,calledJupiter,whohadbeenmanumittedbeforethereversesofthefamily,butwhocouldbeinduced,neitherbythreatsnorbypromises,toabandonwhatheconsideredhisrightofattendanceuponthefootstepsofhisyoung&amp;quot;MassaWill.&amp;quot;','|&amp;frac14;&amp;iquest;&amp;cedil;&amp;raquo;&amp;Icirc;&amp;Agrave;&amp;Euml;&amp;iquest;&amp;iquest;&amp;Agrave;&amp;Auml;&amp;Auml;&amp;cedil;&amp;Aring;&amp;ETH;&amp;sup1;&amp;AElig;&amp;AElig;&amp;Acirc;&amp;Ecirc;`&amp;sup1;&amp;Igrave;&amp;Euml;&amp;Eacute;&amp;cedil;&amp;Eacute;&amp;frac14;&amp;Atilde;&amp;ETH;&amp;frac14;&amp;Auml;&amp;Ccedil;&amp;Atilde;&amp;AElig;&amp;ETH;&amp;frac14;&amp;raquo;&amp;Euml;&amp;iquest;&amp;frac14;&amp;Auml;b|&amp;Agrave;&amp;Ecirc;&amp;ordm;&amp;iquest;&amp;Agrave;&amp;frac14;&amp;frac12;&amp;cedil;&amp;Auml;&amp;Igrave;&amp;Ecirc;&amp;frac14;&amp;Auml;&amp;frac14;&amp;Aring;&amp;Euml;&amp;Ecirc;&amp;Icirc;&amp;frac14;&amp;Eacute;&amp;frac14;&amp;frac34;&amp;Igrave;&amp;Aring;&amp;Aring;&amp;Agrave;&amp;Aring;&amp;frac34;&amp;cedil;&amp;Aring;&amp;raquo;&amp;frac12;&amp;Agrave;&amp;Ecirc;&amp;iquest;&amp;Agrave;&amp;Aring;&amp;frac34;`&amp;AElig;&amp;Eacute;&amp;Ecirc;&amp;cedil;&amp;Igrave;&amp;Aring;&amp;Euml;&amp;frac14;&amp;Eacute;&amp;Agrave;&amp;Aring;&amp;frac34;&amp;cedil;&amp;Atilde;&amp;AElig;&amp;Aring;&amp;frac34;&amp;Euml;&amp;iquest;&amp;frac14;&amp;sup1;&amp;frac14;&amp;cedil;&amp;ordm;&amp;iquest;&amp;cedil;&amp;Aring;&amp;raquo;&amp;Euml;&amp;iquest;&amp;Eacute;&amp;AElig;&amp;Igrave;&amp;frac34;&amp;iquest;&amp;Euml;&amp;iquest;&amp;frac14;&amp;Auml;&amp;ETH;&amp;Eacute;&amp;Euml;&amp;Atilde;&amp;frac14;&amp;Ecirc;`&amp;Agrave;&amp;Aring;&amp;Egrave;&amp;Igrave;&amp;frac14;&amp;Ecirc;&amp;Euml;&amp;AElig;&amp;frac12;&amp;Ecirc;&amp;iquest;&amp;frac14;&amp;Atilde;&amp;Atilde;&amp;Ecirc;&amp;AElig;&amp;Eacute;&amp;frac14;&amp;Aring;&amp;Euml;&amp;AElig;&amp;Auml;&amp;AElig;&amp;Atilde;&amp;AElig;&amp;frac34;&amp;Agrave;&amp;ordm;&amp;cedil;&amp;Atilde;&amp;Ecirc;&amp;Ccedil;&amp;frac14;&amp;ordm;&amp;Agrave;&amp;Auml;&amp;frac14;&amp;Aring;&amp;Ecirc;oa&amp;iquest;&amp;Agrave;&amp;Ecirc;&amp;ordm;&amp;AElig;&amp;Atilde;&amp;Atilde;&amp;frac14;&amp;ordm;&amp;Euml;&amp;Agrave;&amp;AElig;&amp;Aring;&amp;AElig;&amp;frac12;&amp;Euml;&amp;iquest;&amp;frac14;&amp;Atilde;&amp;cedil;&amp;Euml;&amp;Euml;&amp;frac14;&amp;Eacute;&amp;Auml;&amp;Agrave;&amp;frac34;&amp;iquest;&amp;Euml;&amp;iquest;&amp;cedil;&amp;Iacute;&amp;frac14;&amp;sup1;&amp;frac14;&amp;frac14;&amp;Aring;&amp;frac14;&amp;Aring;&amp;Iacute;&amp;Agrave;&amp;frac14;&amp;raquo;&amp;sup1;&amp;ETH;&amp;cedil;&amp;copy;&amp;Icirc;&amp;cedil;&amp;Auml;&amp;Auml;&amp;frac14;&amp;Eacute;&amp;raquo;&amp;cedil;&amp;Auml;&amp;Auml;b}&amp;Aring;&amp;Euml;&amp;iquest;&amp;frac14;&amp;Ecirc;&amp;frac14;&amp;frac14;&amp;Iuml;&amp;ordm;&amp;Igrave;&amp;Eacute;&amp;Ecirc;&amp;Agrave;&amp;AElig;&amp;Aring;&amp;Ecirc;&amp;iquest;&amp;frac14;&amp;Icirc;&amp;cedil;&amp;Ecirc;&amp;Igrave;&amp;Ecirc;&amp;Igrave;&amp;cedil;&amp;Atilde;&amp;Atilde;&amp;ETH;&amp;cedil;&amp;ordm;&amp;ordm;&amp;AElig;&amp;Auml;&amp;Ccedil;&amp;cedil;&amp;Aring;&amp;Agrave;&amp;frac14;&amp;raquo;&amp;sup1;&amp;ETH;&amp;cedil;&amp;Aring;&amp;AElig;&amp;Atilde;&amp;raquo;&amp;Aring;&amp;frac14;&amp;frac34;&amp;Eacute;&amp;AElig;`&amp;ordm;&amp;cedil;&amp;Atilde;&amp;Atilde;&amp;frac14;&amp;raquo;~&amp;Igrave;&amp;Ccedil;&amp;Agrave;&amp;Euml;&amp;frac14;&amp;Eacute;`&amp;Icirc;&amp;iquest;&amp;AElig;&amp;iquest;&amp;cedil;&amp;raquo;&amp;sup1;&amp;frac14;&amp;frac14;&amp;Aring;&amp;Auml;&amp;cedil;&amp;Aring;&amp;Igrave;&amp;Auml;&amp;Agrave;&amp;Euml;&amp;Euml;&amp;frac14;&amp;raquo;&amp;sup1;&amp;frac14;&amp;frac12;&amp;AElig;&amp;Eacute;&amp;frac14;&amp;Euml;&amp;iquest;&amp;frac14;&amp;Eacute;&amp;frac14;&amp;Iacute;&amp;frac14;&amp;Eacute;&amp;Ecirc;&amp;frac14;&amp;Ecirc;&amp;AElig;&amp;frac12;&amp;Euml;&amp;iquest;&amp;frac14;&amp;frac12;&amp;cedil;&amp;Auml;&amp;Agrave;&amp;Atilde;&amp;ETH;`&amp;sup1;&amp;Igrave;&amp;Euml;&amp;Icirc;&amp;iquest;&amp;AElig;&amp;ordm;&amp;AElig;&amp;Igrave;&amp;Atilde;&amp;raquo;&amp;sup1;&amp;frac14;&amp;Agrave;&amp;Aring;&amp;raquo;&amp;Igrave;&amp;ordm;&amp;frac14;&amp;raquo;`&amp;Aring;&amp;frac14;&amp;Agrave;&amp;Euml;&amp;iquest;&amp;frac14;&amp;Eacute;&amp;sup1;&amp;ETH;&amp;Euml;&amp;iquest;&amp;Eacute;&amp;frac14;&amp;cedil;&amp;Euml;&amp;Ecirc;&amp;Aring;&amp;AElig;&amp;Eacute;&amp;sup1;&amp;ETH;&amp;Ccedil;&amp;Eacute;&amp;AElig;&amp;Auml;&amp;Agrave;&amp;Ecirc;&amp;frac14;&amp;Ecirc;`&amp;Euml;&amp;AElig;&amp;cedil;&amp;sup1;&amp;cedil;&amp;Aring;&amp;raquo;&amp;AElig;&amp;Aring;&amp;Icirc;&amp;iquest;&amp;cedil;&amp;Euml;&amp;iquest;&amp;frac14;&amp;ordm;&amp;AElig;&amp;Aring;&amp;Ecirc;&amp;Agrave;&amp;raquo;&amp;frac14;&amp;Eacute;&amp;frac14;&amp;raquo;&amp;iquest;&amp;Agrave;&amp;Ecirc;&amp;Eacute;&amp;Agrave;&amp;frac34;&amp;iquest;&amp;Euml;&amp;AElig;&amp;frac12;&amp;cedil;&amp;Euml;&amp;Euml;&amp;frac14;&amp;Aring;&amp;raquo;&amp;cedil;&amp;Aring;&amp;ordm;&amp;frac14;&amp;Igrave;&amp;Ccedil;&amp;AElig;&amp;Aring;&amp;Euml;&amp;iquest;&amp;frac14;&amp;frac12;&amp;AElig;&amp;AElig;&amp;Euml;&amp;Ecirc;&amp;Euml;&amp;frac14;&amp;Ccedil;&amp;Ecirc;&amp;AElig;&amp;frac12;&amp;iquest;&amp;Agrave;&amp;Ecirc;&amp;ETH;&amp;AElig;&amp;Igrave;&amp;Aring;&amp;frac34;V&amp;pound;&amp;cedil;&amp;Ecirc;&amp;Ecirc;&amp;cedil;&amp;reg;&amp;Agrave;&amp;Atilde;&amp;Atilde;bV',2,1,0,'52'),
 (5,'ItisnotimprobablethattherelativesofLegrand,conceivinghimtobesomewhatunsettledinintellect,hadcontrivedtoinstilthisobstinacyintoJupiter,withaviewtothesupervisionandguardianshipofthewanderer.ThewintersinthelatitudeofSullivan\\\'sIslandareseldomverysevere,andinthefalloftheyearitisarareeventindeedwhenafireisconsiderednecessary.AboutthemiddleofOctober,18-,thereoccurred,however,adayofremarkablechilliness.JustbeforesunsetIscrambledmywaythroughtheevergreenstothehutofmyfriend,whomIhadnotvisitedforseveralweeks-myresidencebeing,atthattime,inCharleston,adistanceofninemilesfromtheIsland,whilethefacilitiesofpassageandre-passagewereveryfarbehindthoseofthepresentday.','&amp;Iuml;&amp;uacute;&amp;iuml;&amp;ugrave;&amp;ocirc;&amp;otilde;&amp;uacute;&amp;iuml;&amp;oacute;&amp;ouml;&amp;oslash;&amp;otilde;&amp;egrave;&amp;ccedil;&amp;egrave;&amp;ograve;&amp;euml;&amp;uacute;&amp;icirc;&amp;ccedil;&amp;uacute;&amp;uacute;&amp;icirc;&amp;euml;&amp;oslash;&amp;euml;&amp;ograve;&amp;ccedil;&amp;uacute;&amp;iuml;&amp;uuml;&amp;euml;&amp;ugrave;&amp;otilde;&amp;igrave;&amp;Ograve;&amp;euml;&amp;iacute;&amp;oslash;&amp;ccedil;&amp;ocirc;&amp;ecirc;&amp;sup2;&amp;eacute;&amp;otilde;&amp;ocirc;&amp;eacute;&amp;euml;&amp;iuml;&amp;uuml;&amp;iuml;&amp;ocirc;&amp;iacute;&amp;icirc;&amp;iuml;&amp;oacute;&amp;uacute;&amp;otilde;&amp;egrave;&amp;euml;&amp;ugrave;&amp;otilde;&amp;oacute;&amp;euml;&amp;yacute;&amp;icirc;&amp;ccedil;&amp;uacute;&amp;ucirc;&amp;ocirc;&amp;ugrave;&amp;euml;&amp;uacute;&amp;uacute;&amp;ograve;&amp;euml;&amp;ecirc;&amp;iuml;&amp;ocirc;&amp;iuml;&amp;ocirc;&amp;uacute;&amp;euml;&amp;ograve;&amp;ograve;&amp;euml;&amp;eacute;&amp;uacute;&amp;sup2;&amp;icirc;&amp;ccedil;&amp;ecirc;&amp;eacute;&amp;otilde;&amp;ocirc;&amp;uacute;&amp;oslash;&amp;iuml;&amp;uuml;&amp;euml;&amp;ecirc;&amp;uacute;&amp;otilde;&amp;iuml;&amp;ocirc;&amp;ugrave;&amp;uacute;&amp;iuml;&amp;ograve;&amp;uacute;&amp;icirc;&amp;iuml;&amp;ugrave;&amp;otilde;&amp;egrave;&amp;ugrave;&amp;uacute;&amp;iuml;&amp;ocirc;&amp;ccedil;&amp;eacute;&amp;yuml;&amp;iuml;&amp;ocirc;&amp;uacute;&amp;otilde;&amp;ETH;&amp;ucirc;&amp;ouml;&amp;iuml;&amp;uacute;&amp;euml;&amp;oslash;&amp;sup2;&amp;yacute;&amp;iuml;&amp;uacute;&amp;icirc;&amp;ccedil;&amp;uuml;&amp;iuml;&amp;euml;&amp;yacute;&amp;uacute;&amp;otilde;&amp;uacute;&amp;icirc;&amp;euml;&amp;ugrave;&amp;ucirc;&amp;ouml;&amp;euml;&amp;oslash;&amp;uuml;&amp;iuml;&amp;ugrave;&amp;iuml;&amp;otilde;&amp;ocirc;&amp;ccedil;&amp;ocirc;&amp;ecirc;&amp;iacute;&amp;ucirc;&amp;ccedil;&amp;oslash;&amp;ecirc;&amp;iuml;&amp;ccedil;&amp;ocirc;&amp;ugrave;&amp;icirc;&amp;iuml;&amp;ouml;&amp;otilde;&amp;igrave;&amp;uacute;&amp;icirc;&amp;euml;&amp;yacute;&amp;ccedil;&amp;ocirc;&amp;ecirc;&amp;euml;&amp;oslash;&amp;euml;&amp;oslash;&amp;acute;&amp;Uacute;&amp;icirc;&amp;euml;&amp;yacute;&amp;iuml;&amp;ocirc;&amp;uacute;&amp;euml;&amp;oslash;&amp;ugrave;&amp;iuml;&amp;ocirc;&amp;uacute;&amp;icirc;&amp;euml;&amp;ograve;&amp;ccedil;&amp;uacute;&amp;iuml;&amp;uacute;&amp;ucirc;&amp;ecirc;&amp;euml;&amp;otilde;&amp;igrave;&amp;Ugrave;&amp;ucirc;&amp;ograve;&amp;ograve;&amp;iuml;&amp;uuml;&amp;ccedil;&amp;ocirc;&amp;not;&amp;ugrave;&amp;Iuml;&amp;ugrave;&amp;ograve;&amp;ccedil;&amp;ocirc;&amp;ecirc;&amp;ccedil;&amp;oslash;&amp;euml;&amp;ugrave;&amp;euml;&amp;ograve;&amp;ecirc;&amp;otilde;&amp;oacute;&amp;uuml;&amp;euml;&amp;oslash;&amp;yuml;&amp;ugrave;&amp;euml;&amp;uuml;&amp;euml;&amp;oslash;&amp;euml;&amp;sup2;&amp;ccedil;&amp;ocirc;&amp;ecirc;&amp;iuml;&amp;ocirc;&amp;uacute;&amp;icirc;&amp;euml;&amp;igrave;&amp;ccedil;&amp;ograve;&amp;ograve;&amp;otilde;&amp;igrave;&amp;uacute;&amp;icirc;&amp;euml;&amp;yuml;&amp;euml;&amp;ccedil;&amp;oslash;&amp;iuml;&amp;uacute;&amp;iuml;&amp;ugrave;&amp;ccedil;&amp;oslash;&amp;ccedil;&amp;oslash;&amp;euml;&amp;euml;&amp;uuml;&amp;euml;&amp;ocirc;&amp;uacute;&amp;iuml;&amp;ocirc;&amp;ecirc;&amp;euml;&amp;euml;&amp;ecirc;&amp;yacute;&amp;icirc;&amp;euml;&amp;ocirc;&amp;ccedil;&amp;igrave;&amp;iuml;&amp;oslash;&amp;euml;&amp;iuml;&amp;ugrave;&amp;eacute;&amp;otilde;&amp;ocirc;&amp;ugrave;&amp;iuml;&amp;ecirc;&amp;euml;&amp;oslash;&amp;euml;&amp;ecirc;&amp;ocirc;&amp;euml;&amp;eacute;&amp;euml;&amp;ugrave;&amp;ugrave;&amp;ccedil;&amp;oslash;&amp;yuml;&amp;acute;&amp;Ccedil;&amp;egrave;&amp;otilde;&amp;ucirc;&amp;uacute;&amp;uacute;&amp;icirc;&amp;euml;&amp;oacute;&amp;iuml;&amp;ecirc;&amp;ecirc;&amp;ograve;&amp;euml;&amp;otilde;&amp;igrave;&amp;Otilde;&amp;eacute;&amp;uacute;&amp;otilde;&amp;egrave;&amp;euml;&amp;oslash;&amp;sup2;&amp;middot;&amp;frac34;&amp;sup3;&amp;sup2;&amp;uacute;&amp;icirc;&amp;euml;&amp;oslash;&amp;euml;&amp;otilde;&amp;eacute;&amp;eacute;&amp;ucirc;&amp;oslash;&amp;oslash;&amp;euml;&amp;ecirc;&amp;sup2;&amp;icirc;&amp;otilde;&amp;yacute;&amp;euml;&amp;uuml;&amp;euml;&amp;oslash;&amp;sup2;&amp;ccedil;&amp;ecirc;&amp;ccedil;&amp;yuml;&amp;otilde;&amp;igrave;&amp;oslash;&amp;euml;&amp;oacute;&amp;ccedil;&amp;oslash;&amp;ntilde;&amp;ccedil;&amp;egrave;&amp;ograve;&amp;euml;&amp;eacute;&amp;icirc;&amp;iuml;&amp;ograve;&amp;ograve;&amp;iuml;&amp;ocirc;&amp;euml;&amp;ugrave;&amp;ugrave;&amp;acute;&amp;ETH;&amp;ucirc;&amp;ugrave;&amp;uacute;&amp;egrave;&amp;euml;&amp;igrave;&amp;otilde;&amp;oslash;&amp;euml;&amp;ugrave;&amp;ucirc;&amp;ocirc;&amp;ugrave;&amp;euml;&amp;uacute;&amp;Iuml;&amp;ugrave;&amp;eacute;&amp;oslash;&amp;ccedil;&amp;oacute;&amp;egrave;&amp;ograve;&amp;euml;&amp;ecirc;&amp;oacute;&amp;yuml;&amp;yacute;&amp;ccedil;&amp;yuml;&amp;uacute;&amp;icirc;&amp;oslash;&amp;otilde;&amp;ucirc;&amp;iacute;&amp;icirc;&amp;uacute;&amp;icirc;&amp;euml;&amp;euml;&amp;uuml;&amp;euml;&amp;oslash;&amp;iacute;&amp;oslash;&amp;euml;&amp;euml;&amp;ocirc;&amp;ugrave;&amp;uacute;&amp;otilde;&amp;uacute;&amp;icirc;&amp;euml;&amp;icirc;&amp;ucirc;&amp;uacute;&amp;otilde;&amp;igrave;&amp;oacute;&amp;yuml;&amp;igrave;&amp;oslash;&amp;iuml;&amp;euml;&amp;ocirc;&amp;ecirc;&amp;sup2;&amp;yacute;&amp;icirc;&amp;otilde;&amp;oacute;&amp;Iuml;&amp;icirc;&amp;ccedil;&amp;ecirc;&amp;ocirc;&amp;otilde;&amp;uacute;&amp;uuml;&amp;iuml;&amp;ugrave;&amp;iuml;&amp;uacute;&amp;euml;&amp;ecirc;&amp;igrave;&amp;otilde;&amp;oslash;&amp;ugrave;&amp;euml;&amp;uuml;&amp;euml;&amp;oslash;&amp;ccedil;&amp;ograve;&amp;yacute;&amp;euml;&amp;euml;&amp;ntilde;&amp;ugrave;&amp;sup3;&amp;oacute;&amp;yuml;&amp;oslash;&amp;euml;&amp;ugrave;&amp;iuml;&amp;ecirc;&amp;euml;&amp;ocirc;&amp;eacute;&amp;euml;&amp;egrave;&amp;euml;&amp;iuml;&amp;ocirc;&amp;iacute;&amp;sup2;&amp;ccedil;&amp;uacute;&amp;uacute;&amp;icirc;&amp;ccedil;&amp;uacute;&amp;uacute;&amp;iuml;&amp;oacute;&amp;euml;&amp;sup2;&amp;iuml;&amp;ocirc;&amp;Eacute;&amp;icirc;&amp;ccedil;&amp;oslash;&amp;ograve;&amp;euml;&amp;ugrave;&amp;uacute;&amp;otilde;&amp;ocirc;&amp;sup2;&amp;ccedil;&amp;ecirc;&amp;iuml;&amp;ugrave;&amp;uacute;&amp;ccedil;&amp;ocirc;&amp;eacute;&amp;euml;&amp;otilde;&amp;igrave;&amp;ocirc;&amp;iuml;&amp;ocirc;&amp;euml;&amp;oacute;&amp;iuml;&amp;ograve;&amp;euml;&amp;ugrave;&amp;igrave;&amp;oslash;&amp;otilde;&amp;oacute;&amp;uacute;&amp;icirc;&amp;euml;&amp;Iuml;&amp;ugrave;&amp;ograve;&amp;ccedil;&amp;ocirc;&amp;ecirc;&amp;sup2;&amp;yacute;&amp;icirc;&amp;iuml;&amp;ograve;&amp;euml;&amp;uacute;&amp;icirc;&amp;euml;&amp;igrave;&amp;ccedil;&amp;eacute;&amp;iuml;&amp;ograve;&amp;iuml;&amp;uacute;&amp;iuml;&amp;euml;&amp;ugrave;&amp;otilde;&amp;igrave;&amp;ouml;&amp;ccedil;&amp;ugrave;&amp;ugrave;&amp;ccedil;&amp;iacute;&amp;euml;&amp;ccedil;&amp;ocirc;&amp;ecirc;&amp;oslash;&amp;euml;&amp;sup3;&amp;ouml;&amp;ccedil;&amp;ugrave;&amp;ugrave;&amp;ccedil;&amp;iacute;&amp;euml;&amp;yacute;&amp;euml;&amp;oslash;&amp;euml;&amp;uuml;&amp;euml;&amp;oslash;&amp;yuml;&amp;igrave;&amp;ccedil;&amp;oslash;&amp;egrave;&amp;euml;&amp;icirc;&amp;iuml;&amp;ocirc;&amp;ecirc;&amp;uacute;&amp;icirc;&amp;otilde;&amp;ugrave;&amp;euml;&amp;otilde;&amp;igrave;&amp;uacute;&amp;icirc;&amp;euml;&amp;ouml;&amp;oslash;&amp;euml;&amp;ugrave;&amp;euml;&amp;ocirc;&amp;uacute;&amp;ecirc;&amp;ccedil;&amp;yuml;&amp;acute;',2,1,0,'99'),
 (6,'UponreachingthehutIrapped,aswasmycustom,andgettingnoreply,soughtforthekeywhereIknewitwassecreted,unlockedthedoorandwentin.Afinefirewasblazinguponthehearth.Itwasanovelty,andbynomeansanungratefulone.Ithrewoffanovercoat,tookanarm-chairbythecracklinglogs,andawaitedpatientlythearrivalofmyhosts.Soonafterdarktheyarrived,andgavemeamostcordialwelcome.Jupiter,grinningfromeartoear,bustledabouttopreparesomemarsh-hensforsupper.Legrandwasinoneofhisfits-howelseshallItermthem?-ofenthusiasm.','&amp;Iuml;&amp;ecirc;&amp;eacute;&amp;egrave;&amp;igrave;&amp;szlig;&amp;Ucirc;&amp;Yacute;&amp;acirc;&amp;atilde;&amp;egrave;&amp;aacute;&amp;icirc;&amp;acirc;&amp;szlig;&amp;acirc;&amp;iuml;&amp;icirc;&amp;Atilde;&amp;igrave;&amp;Ucirc;&amp;ecirc;&amp;ecirc;&amp;szlig;&amp;THORN;&amp;yen;&amp;Ucirc;&amp;iacute;&amp;ntilde;&amp;Ucirc;&amp;iacute;&amp;ccedil;&amp;oacute;&amp;Yacute;&amp;iuml;&amp;iacute;&amp;icirc;&amp;eacute;&amp;ccedil;&amp;yen;&amp;Ucirc;&amp;egrave;&amp;THORN;&amp;aacute;&amp;szlig;&amp;icirc;&amp;icirc;&amp;atilde;&amp;egrave;&amp;aacute;&amp;egrave;&amp;eacute;&amp;igrave;&amp;szlig;&amp;ecirc;&amp;aelig;&amp;oacute;&amp;yen;&amp;iacute;&amp;eacute;&amp;iuml;&amp;aacute;&amp;acirc;&amp;icirc;&amp;agrave;&amp;eacute;&amp;igrave;&amp;icirc;&amp;acirc;&amp;szlig;&amp;aring;&amp;szlig;&amp;oacute;&amp;ntilde;&amp;acirc;&amp;szlig;&amp;igrave;&amp;szlig;&amp;Atilde;&amp;aring;&amp;egrave;&amp;szlig;&amp;ntilde;&amp;atilde;&amp;icirc;&amp;ntilde;&amp;Ucirc;&amp;iacute;&amp;iacute;&amp;szlig;&amp;Yacute;&amp;igrave;&amp;szlig;&amp;icirc;&amp;szlig;&amp;THORN;&amp;yen;&amp;iuml;&amp;egrave;&amp;aelig;&amp;eacute;&amp;Yacute;&amp;aring;&amp;szlig;&amp;THORN;&amp;icirc;&amp;acirc;&amp;szlig;&amp;THORN;&amp;eacute;&amp;eacute;&amp;igrave;&amp;Ucirc;&amp;egrave;&amp;THORN;&amp;ntilde;&amp;szlig;&amp;egrave;&amp;icirc;&amp;atilde;&amp;egrave;&amp;sect;&amp;raquo;&amp;agrave;&amp;atilde;&amp;egrave;&amp;szlig;&amp;agrave;&amp;atilde;&amp;igrave;&amp;szlig;&amp;ntilde;&amp;Ucirc;&amp;iacute;&amp;Uuml;&amp;aelig;&amp;Ucirc;&amp;ocirc;&amp;atilde;&amp;egrave;&amp;aacute;&amp;iuml;&amp;ecirc;&amp;eacute;&amp;egrave;&amp;icirc;&amp;acirc;&amp;szlig;&amp;acirc;&amp;szlig;&amp;Ucirc;&amp;igrave;&amp;icirc;&amp;acirc;&amp;sect;&amp;Atilde;&amp;icirc;&amp;ntilde;&amp;Ucirc;&amp;iacute;&amp;Ucirc;&amp;egrave;&amp;eacute;&amp;eth;&amp;szlig;&amp;aelig;&amp;icirc;&amp;oacute;&amp;yen;&amp;Ucirc;&amp;egrave;&amp;THORN;&amp;Uuml;&amp;oacute;&amp;egrave;&amp;eacute;&amp;ccedil;&amp;szlig;&amp;Ucirc;&amp;egrave;&amp;iacute;&amp;Ucirc;&amp;egrave;&amp;iuml;&amp;egrave;&amp;aacute;&amp;igrave;&amp;Ucirc;&amp;icirc;&amp;szlig;&amp;agrave;&amp;iuml;&amp;aelig;&amp;eacute;&amp;egrave;&amp;szlig;&amp;sect;&amp;Atilde;&amp;icirc;&amp;acirc;&amp;igrave;&amp;szlig;&amp;ntilde;&amp;eacute;&amp;agrave;&amp;agrave;&amp;Ucirc;&amp;egrave;&amp;eacute;&amp;eth;&amp;szlig;&amp;igrave;&amp;Yacute;&amp;eacute;&amp;Ucirc;&amp;icirc;&amp;yen;&amp;icirc;&amp;eacute;&amp;eacute;&amp;aring;&amp;Ucirc;&amp;egrave;&amp;Ucirc;&amp;igrave;&amp;ccedil;&amp;brvbar;&amp;Yacute;&amp;acirc;&amp;Ucirc;&amp;atilde;&amp;igrave;&amp;Uuml;&amp;oacute;&amp;icirc;&amp;acirc;&amp;szlig;&amp;Yacute;&amp;igrave;&amp;Ucirc;&amp;Yacute;&amp;aring;&amp;aelig;&amp;atilde;&amp;egrave;&amp;aacute;&amp;aelig;&amp;eacute;&amp;aacute;&amp;iacute;&amp;yen;&amp;Ucirc;&amp;egrave;&amp;THORN;&amp;Ucirc;&amp;ntilde;&amp;Ucirc;&amp;atilde;&amp;icirc;&amp;szlig;&amp;THORN;&amp;ecirc;&amp;Ucirc;&amp;icirc;&amp;atilde;&amp;szlig;&amp;egrave;&amp;icirc;&amp;aelig;&amp;oacute;&amp;icirc;&amp;acirc;&amp;szlig;&amp;Ucirc;&amp;igrave;&amp;igrave;&amp;atilde;&amp;eth;&amp;Ucirc;&amp;aelig;&amp;eacute;&amp;agrave;&amp;ccedil;&amp;oacute;&amp;acirc;&amp;eacute;&amp;iacute;&amp;icirc;&amp;iacute;&amp;sect;&amp;Iacute;&amp;eacute;&amp;eacute;&amp;egrave;&amp;Ucirc;&amp;agrave;&amp;icirc;&amp;szlig;&amp;igrave;&amp;THORN;&amp;Ucirc;&amp;igrave;&amp;aring;&amp;icirc;&amp;acirc;&amp;szlig;&amp;oacute;&amp;Ucirc;&amp;igrave;&amp;igrave;&amp;atilde;&amp;eth;&amp;szlig;&amp;THORN;&amp;yen;&amp;Ucirc;&amp;egrave;&amp;THORN;&amp;aacute;&amp;Ucirc;&amp;eth;&amp;szlig;&amp;ccedil;&amp;szlig;&amp;Ucirc;&amp;ccedil;&amp;eacute;&amp;iacute;&amp;icirc;&amp;Yacute;&amp;eacute;&amp;igrave;&amp;THORN;&amp;atilde;&amp;Ucirc;&amp;aelig;&amp;ntilde;&amp;szlig;&amp;aelig;&amp;Yacute;&amp;eacute;&amp;ccedil;&amp;szlig;&amp;sect;&amp;Auml;&amp;iuml;&amp;ecirc;&amp;atilde;&amp;icirc;&amp;szlig;&amp;igrave;&amp;yen;&amp;aacute;&amp;igrave;&amp;atilde;&amp;egrave;&amp;egrave;&amp;atilde;&amp;egrave;&amp;aacute;&amp;agrave;&amp;igrave;&amp;eacute;&amp;ccedil;&amp;szlig;&amp;Ucirc;&amp;igrave;&amp;icirc;&amp;eacute;&amp;szlig;&amp;Ucirc;&amp;igrave;&amp;yen;&amp;Uuml;&amp;iuml;&amp;iacute;&amp;icirc;&amp;aelig;&amp;szlig;&amp;THORN;&amp;Ucirc;&amp;Uuml;&amp;eacute;&amp;iuml;&amp;icirc;&amp;icirc;&amp;eacute;&amp;ecirc;&amp;igrave;&amp;szlig;&amp;ecirc;&amp;Ucirc;&amp;igrave;&amp;szlig;&amp;iacute;&amp;eacute;&amp;ccedil;&amp;szlig;&amp;ccedil;&amp;Ucirc;&amp;igrave;&amp;iacute;&amp;acirc;&amp;brvbar;&amp;acirc;&amp;szlig;&amp;egrave;&amp;iacute;&amp;agrave;&amp;eacute;&amp;igrave;&amp;iacute;&amp;iuml;&amp;ecirc;&amp;ecirc;&amp;szlig;&amp;igrave;&amp;sect;&amp;AElig;&amp;szlig;&amp;aacute;&amp;igrave;&amp;Ucirc;&amp;egrave;&amp;THORN;&amp;ntilde;&amp;Ucirc;&amp;iacute;&amp;atilde;&amp;egrave;&amp;eacute;&amp;egrave;&amp;szlig;&amp;eacute;&amp;agrave;&amp;acirc;&amp;atilde;&amp;iacute;&amp;agrave;&amp;atilde;&amp;icirc;&amp;iacute;&amp;brvbar;&amp;acirc;&amp;eacute;&amp;ntilde;&amp;szlig;&amp;aelig;&amp;iacute;&amp;szlig;&amp;iacute;&amp;acirc;&amp;Ucirc;&amp;aelig;&amp;aelig;&amp;Atilde;&amp;icirc;&amp;szlig;&amp;igrave;&amp;ccedil;&amp;icirc;&amp;acirc;&amp;szlig;&amp;ccedil;&amp;sup1;&amp;brvbar;&amp;eacute;&amp;agrave;&amp;szlig;&amp;egrave;&amp;icirc;&amp;acirc;&amp;iuml;&amp;iacute;&amp;atilde;&amp;Ucirc;&amp;iacute;&amp;ccedil;&amp;sect;',2,1,0,'87'),
 (7,'Hehadfoundanunknownbivalve,forminganewgenus,and,morethanthis,hehadhunteddownandsecured,withJupiter\\\'sassistance,ascarabaeuswhichhebelievedtobetotallynew,butinrespecttowhichhewishedtohavemyopiniononthemorrow.&amp;quot;Andwhynotto-night?&amp;quot;Iasked,rubbingmyhandsovertheblaze,andwishingthewholetribeofscarabaeiatthedevil.&amp;quot;Ah,ifIhadonlyknownyouwerehere!&amp;quot;saidLegrand,&amp;quot;butit\\\'ssolongsinceIsawyou;andhowcouldIforeseethatyouwouldpaymeavisitthisverynightofallothers?AsIwascominghomeImetLieutenantG-,fromthefort,and,veryfoolishly,Ilenthimthebug;soitwillbeimpossibleforyoutoseeituntilthemorning.Stayhereto-night,andIwillsendJupdownforitatsunrise.Itistheloveliestthingincreation!&amp;quot;','m&amp;not;&amp;deg;&amp;uml;&amp;laquo;&amp;reg;&amp;middot;&amp;frac12;&amp;para;&amp;laquo;&amp;uml;&amp;para;&amp;frac12;&amp;para;&amp;sup3;&amp;para;&amp;middot;&amp;iquest;&amp;para;&amp;copy;&amp;plusmn;&amp;frac34;&amp;uml;&amp;acute;&amp;frac34;&amp;not;Q&amp;reg;&amp;middot;&amp;ordm;&amp;micro;&amp;plusmn;&amp;para;&amp;macr;&amp;uml;&amp;para;&amp;not;&amp;iquest;&amp;macr;&amp;not;&amp;para;&amp;frac12;&amp;raquo;Q&amp;uml;&amp;para;&amp;laquo;Q&amp;micro;&amp;middot;&amp;ordm;&amp;not;&amp;frac14;&amp;deg;&amp;uml;&amp;para;&amp;frac14;&amp;deg;&amp;plusmn;&amp;raquo;Q&amp;deg;&amp;not;&amp;deg;&amp;uml;&amp;laquo;&amp;deg;&amp;frac12;&amp;para;&amp;frac14;&amp;not;&amp;laquo;&amp;laquo;&amp;middot;&amp;iquest;&amp;para;&amp;uml;&amp;para;&amp;laquo;&amp;raquo;&amp;not;&amp;ordf;&amp;frac12;&amp;ordm;&amp;not;&amp;laquo;Q&amp;iquest;&amp;plusmn;&amp;frac14;&amp;deg;o&amp;frac12;&amp;cedil;&amp;plusmn;&amp;frac14;&amp;not;&amp;ordm;L&amp;raquo;&amp;uml;&amp;raquo;&amp;raquo;&amp;plusmn;&amp;raquo;&amp;frac14;&amp;uml;&amp;para;&amp;ordf;&amp;not;Q&amp;uml;&amp;raquo;&amp;ordf;&amp;uml;&amp;ordm;&amp;uml;&amp;copy;&amp;uml;&amp;not;&amp;frac12;&amp;raquo;&amp;iquest;&amp;deg;&amp;plusmn;&amp;ordf;&amp;deg;&amp;deg;&amp;not;&amp;copy;&amp;not;&amp;acute;&amp;plusmn;&amp;not;&amp;frac34;&amp;not;&amp;laquo;&amp;frac14;&amp;middot;&amp;copy;&amp;not;&amp;frac14;&amp;middot;&amp;frac14;&amp;uml;&amp;acute;&amp;acute;&amp;Aacute;&amp;para;&amp;not;&amp;iquest;Q&amp;copy;&amp;frac12;&amp;frac14;&amp;plusmn;&amp;para;&amp;ordm;&amp;not;&amp;raquo;&amp;cedil;&amp;not;&amp;ordf;&amp;frac14;&amp;frac14;&amp;middot;&amp;iquest;&amp;deg;&amp;plusmn;&amp;ordf;&amp;deg;&amp;deg;&amp;not;&amp;iquest;&amp;plusmn;&amp;raquo;&amp;deg;&amp;not;&amp;laquo;&amp;frac14;&amp;middot;&amp;deg;&amp;uml;&amp;frac34;&amp;not;&amp;micro;&amp;Aacute;&amp;middot;&amp;cedil;&amp;plusmn;&amp;para;&amp;plusmn;&amp;middot;&amp;para;&amp;middot;&amp;para;&amp;frac14;&amp;deg;&amp;not;&amp;micro;&amp;middot;&amp;ordm;&amp;ordm;&amp;middot;&amp;iquest;SGf&amp;para;&amp;laquo;&amp;iquest;&amp;deg;&amp;Aacute;&amp;para;&amp;middot;&amp;frac14;&amp;frac14;&amp;middot;R&amp;para;&amp;plusmn;&amp;macr;&amp;deg;&amp;frac14;dGn&amp;uml;&amp;raquo;&amp;sup3;&amp;not;&amp;laquo;Q&amp;ordm;&amp;frac12;&amp;copy;&amp;copy;&amp;plusmn;&amp;para;&amp;macr;&amp;micro;&amp;Aacute;&amp;deg;&amp;uml;&amp;para;&amp;laquo;&amp;raquo;&amp;middot;&amp;frac34;&amp;not;&amp;ordm;&amp;frac14;&amp;deg;&amp;not;&amp;copy;&amp;acute;&amp;uml;&amp;Acirc;&amp;not;Q&amp;uml;&amp;para;&amp;laquo;&amp;iquest;&amp;plusmn;&amp;raquo;&amp;deg;&amp;plusmn;&amp;para;&amp;macr;&amp;frac14;&amp;deg;&amp;not;&amp;iquest;&amp;deg;&amp;middot;&amp;acute;&amp;not;&amp;frac14;&amp;ordm;&amp;plusmn;&amp;copy;&amp;not;&amp;middot;&amp;reg;&amp;raquo;&amp;ordf;&amp;uml;&amp;ordm;&amp;uml;&amp;copy;&amp;uml;&amp;not;&amp;plusmn;&amp;uml;&amp;frac14;&amp;frac14;&amp;deg;&amp;not;&amp;laquo;&amp;not;&amp;frac34;&amp;plusmn;&amp;acute;SGf&amp;deg;Q&amp;plusmn;&amp;reg;n&amp;deg;&amp;uml;&amp;laquo;&amp;middot;&amp;para;&amp;acute;&amp;Aacute;&amp;sup3;&amp;para;&amp;middot;&amp;iquest;&amp;para;&amp;Aacute;&amp;middot;&amp;frac12;&amp;iquest;&amp;not;&amp;ordm;&amp;not;&amp;deg;&amp;not;&amp;ordm;&amp;not;FG&amp;raquo;&amp;uml;&amp;plusmn;&amp;laquo;q&amp;not;&amp;macr;&amp;ordm;&amp;uml;&amp;para;&amp;laquo;QG&amp;copy;&amp;frac12;&amp;frac14;&amp;plusmn;&amp;frac14;L&amp;raquo;&amp;raquo;&amp;middot;&amp;acute;&amp;middot;&amp;para;&amp;macr;&amp;raquo;&amp;plusmn;&amp;para;&amp;ordf;&amp;not;n&amp;raquo;&amp;uml;&amp;iquest;&amp;Aacute;&amp;middot;&amp;frac12;`&amp;uml;&amp;para;&amp;laquo;&amp;deg;&amp;middot;&amp;iquest;&amp;ordf;&amp;middot;&amp;frac12;&amp;acute;&amp;laquo;n&amp;reg;&amp;middot;&amp;ordm;&amp;not;&amp;raquo;&amp;not;&amp;not;&amp;frac14;&amp;deg;&amp;uml;&amp;frac14;&amp;Aacute;&amp;middot;&amp;frac12;&amp;iquest;&amp;middot;&amp;frac12;&amp;acute;&amp;laquo;&amp;cedil;&amp;uml;&amp;Aacute;&amp;micro;&amp;not;&amp;uml;&amp;frac34;&amp;plusmn;&amp;raquo;&amp;plusmn;&amp;frac14;&amp;frac14;&amp;deg;&amp;plusmn;&amp;raquo;&amp;frac34;&amp;not;&amp;ordm;&amp;Aacute;&amp;para;&amp;plusmn;&amp;macr;&amp;deg;&amp;frac14;&amp;middot;&amp;reg;&amp;uml;&amp;acute;&amp;acute;&amp;middot;&amp;frac14;&amp;deg;&amp;not;&amp;ordm;&amp;raquo;df&amp;raquo;n&amp;iquest;&amp;uml;&amp;raquo;&amp;ordf;&amp;middot;&amp;micro;&amp;plusmn;&amp;para;&amp;macr;&amp;deg;&amp;middot;&amp;micro;&amp;not;n&amp;micro;&amp;not;&amp;frac14;q&amp;plusmn;&amp;not;&amp;frac12;&amp;frac14;&amp;not;&amp;para;&amp;uml;&amp;para;&amp;frac14;lRQ&amp;reg;&amp;ordm;&amp;middot;&amp;micro;&amp;frac14;&amp;deg;&amp;not;&amp;reg;&amp;middot;&amp;ordm;&amp;frac14;Q&amp;uml;&amp;para;&amp;laquo;Q&amp;frac34;&amp;not;&amp;ordm;&amp;Aacute;&amp;reg;&amp;middot;&amp;middot;&amp;acute;&amp;plusmn;&amp;raquo;&amp;deg;&amp;acute;&amp;Aacute;Qn&amp;acute;&amp;not;&amp;para;&amp;frac14;&amp;deg;&amp;plusmn;&amp;micro;&amp;frac14;&amp;deg;&amp;not;&amp;copy;&amp;frac12;&amp;macr;`&amp;raquo;&amp;middot;&amp;plusmn;&amp;frac14;&amp;iquest;&amp;plusmn;&amp;acute;&amp;acute;&amp;copy;&amp;not;&amp;plusmn;&amp;micro;&amp;cedil;&amp;middot;&amp;raquo;&amp;raquo;&amp;plusmn;&amp;copy;&amp;acute;&amp;not;&amp;reg;&amp;middot;&amp;ordm;&amp;Aacute;&amp;middot;&amp;frac12;&amp;frac14;&amp;middot;&amp;raquo;&amp;not;&amp;not;&amp;plusmn;&amp;frac14;&amp;frac12;&amp;para;&amp;frac14;&amp;plusmn;&amp;acute;&amp;frac14;&amp;deg;&amp;not;&amp;micro;&amp;middot;&amp;ordm;&amp;para;&amp;plusmn;&amp;para;&amp;macr;Sx&amp;frac14;&amp;uml;&amp;Aacute;&amp;deg;&amp;not;&amp;ordm;&amp;not;&amp;frac14;&amp;middot;R&amp;para;&amp;plusmn;&amp;macr;&amp;deg;&amp;frac14;Q&amp;uml;&amp;para;&amp;laquo;n&amp;iquest;&amp;plusmn;&amp;acute;&amp;acute;&amp;raquo;&amp;not;&amp;para;&amp;laquo;o&amp;frac12;&amp;cedil;&amp;laquo;&amp;middot;&amp;iquest;&amp;para;&amp;reg;&amp;middot;&amp;ordm;&amp;plusmn;&amp;frac14;&amp;uml;&amp;frac14;&amp;raquo;&amp;frac12;&amp;para;&amp;ordm;&amp;plusmn;&amp;raquo;&amp;not;Sn&amp;frac14;&amp;plusmn;&amp;raquo;&amp;frac14;&amp;deg;&amp;not;&amp;acute;&amp;middot;&amp;frac34;&amp;not;&amp;acute;&amp;plusmn;&amp;not;&amp;raquo;&amp;frac14;&amp;frac14;&amp;deg;&amp;plusmn;&amp;para;&amp;macr;&amp;plusmn;&amp;para;&amp;ordf;&amp;ordm;&amp;not;&amp;uml;&amp;frac14;&amp;plusmn;&amp;middot;&amp;para;FG',2,1,0,'37'),
 (8,'&amp;quot;What?-sunrise?&amp;quot;&amp;quot;Nonsense!no!-thebug.Itisofabrilliantgoldcolor-aboutthesizeofalargehickory-nut-withtwojetblackspotsnearoneextremityoftheback,andanother,somewhatlonger,attheother.Theantennaeare-&amp;quot;&amp;quot;Deyaintnotininhim,MassaWill,Ikeepatellinonyou,&amp;quot;hereinterruptedJupiter;&amp;quot;debugisagoolebug,solid,eberybitofhim,insideandall,sephimwing-neberfeelhalfsohebbyabuginmylife.&amp;quot;','&amp;ordm;&amp;iuml; &amp;ugrave;,&amp;times;&amp;Aring;+-&amp;amp;*!+&amp;yacute;&amp;times;&amp;ordm;&amp;ordm;&amp;aelig;\\\'&amp;amp;+&amp;yacute;&amp;amp;+&amp;yacute;&amp;sup1;&amp;amp;\\\'&amp;sup1;&amp;Aring;, &amp;yacute;&amp;uacute;-&amp;yuml;&amp;AElig;&amp;aacute;,!+\\\'&amp;thorn;&amp;ugrave;&amp;uacute;*!$$!&amp;ugrave;&amp;amp;,&amp;yuml;\\\'$&amp;uuml;&amp;ucirc;\\\'$\\\'*&amp;Aring;&amp;ugrave;&amp;uacute;\\\'-,, &amp;yacute;+!2&amp;yacute;\\\'&amp;thorn;&amp;ugrave;$&amp;ugrave;*&amp;yuml;&amp;yacute; !&amp;ucirc;#\\\'*1&amp;Aring;&amp;amp;-,&amp;Aring;/!, ,/\\\'&amp;quot;&amp;yacute;,&amp;uacute;$&amp;ugrave;&amp;ucirc;#+(\\\',+&amp;amp;&amp;yacute;&amp;ugrave;*\\\'&amp;amp;&amp;yacute;&amp;yacute;0,*&amp;yacute;%!,1\\\'&amp;thorn;, &amp;yacute;&amp;uacute;&amp;ugrave;&amp;ucirc;#&amp;Auml;&amp;ugrave;&amp;amp;&amp;uuml;&amp;ugrave;&amp;amp;\\\', &amp;yacute;*&amp;Auml;+\\\'%&amp;yacute;/ &amp;ugrave;,$\\\'&amp;amp;&amp;yuml;&amp;yacute;*&amp;Auml;&amp;ugrave;,, &amp;yacute;\\\', &amp;yacute;*&amp;AElig;&amp;igrave; &amp;yacute;&amp;ugrave;&amp;amp;,&amp;yacute;&amp;amp;&amp;amp;&amp;ugrave;&amp;yacute;&amp;ugrave;*&amp;yacute;&amp;Aring;&amp;ordm;&amp;ordm;&amp;Uuml;&amp;yacute;1&amp;ugrave;!&amp;amp;,&amp;amp;\\\',!&amp;amp;!&amp;amp; !%&amp;Auml;&amp;aring;&amp;ugrave;++&amp;ugrave;&amp;iuml;!$$&amp;Auml;&amp;aacute;#&amp;yacute;&amp;yacute;(&amp;ugrave;,&amp;yacute;$$!&amp;amp;\\\'&amp;amp;1\\\'-&amp;Auml;&amp;ordm; &amp;yacute;*&amp;yacute;!&amp;amp;,&amp;yacute;**-(,&amp;yacute;&amp;uuml;&amp;acirc;-(!,&amp;yacute;*&amp;Oacute;&amp;ordm;&amp;uuml;&amp;yacute;&amp;uacute;-&amp;yuml;!+&amp;ugrave;&amp;yuml;\\\'\\\'$&amp;yacute;&amp;uacute;-&amp;yuml;&amp;Auml;+\\\'$!&amp;uuml;&amp;Auml;&amp;yacute;&amp;uacute;&amp;yacute;*1&amp;uacute;!,\\\'&amp;thorn; !%&amp;Auml;!&amp;amp;+!&amp;uuml;&amp;yacute;&amp;ugrave;&amp;amp;&amp;uuml;&amp;ugrave;$$&amp;Auml;+&amp;yacute;( !%/!&amp;amp;&amp;yuml;&amp;Aring;&amp;amp;&amp;yacute;&amp;uacute;&amp;yacute;*&amp;thorn;&amp;yacute;&amp;yacute;$ &amp;ugrave;$&amp;thorn;+\\\' &amp;yacute;&amp;uacute;&amp;uacute;1&amp;ugrave;&amp;uacute;-&amp;yuml;!&amp;amp;%1$!&amp;thorn;&amp;yacute;&amp;AElig;&amp;ordm;',2,1,0,'117'),
 (9,'&amp;quot;Well,supposeitis,Jup,&amp;quot;repliedLegrand,somewhatmoreearnestly,itseemedtome,thanthecasedemanded,&amp;quot;isthatanyreasonforyourlettingthebirdsburn?Thecolor&amp;quot;-hereheturnedtome-&amp;quot;isreallyalmostenoughtowarrantJupiter\\\'sidea.Youneversawamorebrilliantmetalliclustrethanthescalesemit-butofthisyoucannotjudgetilltomorrow.InthemeantimeIcangiveyousomeideaoftheshape.&amp;quot;Sayingthis,heseatedhimselfatasmalltable,onwhichwereapenandink,butnopaper.Helookedforsomeinadrawer,butfoundnone.','&amp;ordf;&amp;agrave;&amp;icirc;&amp;otilde;&amp;otilde;&amp;micro;&amp;uuml;&amp;thorn;&amp;ugrave;&amp;ugrave;&amp;oslash;&amp;uuml;&amp;icirc;&amp;ograve;&amp;yacute;&amp;ograve;&amp;uuml;&amp;micro;&amp;Oacute;&amp;thorn;&amp;ugrave;&amp;micro;&amp;ordf;&amp;ucirc;&amp;icirc;&amp;ugrave;&amp;otilde;&amp;ograve;&amp;icirc;&amp;iacute;&amp;Otilde;&amp;icirc;&amp;eth;&amp;ucirc;&amp;ecirc;&amp;divide;&amp;iacute;&amp;micro;&amp;uuml;&amp;oslash;&amp;ouml;&amp;icirc; &amp;ntilde;&amp;ecirc;&amp;yacute;&amp;ouml;&amp;oslash;&amp;ucirc;&amp;icirc;&amp;icirc;&amp;ecirc;&amp;ucirc;&amp;divide;&amp;icirc;&amp;uuml;&amp;yacute;&amp;otilde;&amp;quot;&amp;micro;&amp;ograve;&amp;yacute;&amp;uuml;&amp;icirc;&amp;icirc;&amp;ouml;&amp;icirc;&amp;iacute;&amp;yacute;&amp;oslash;&amp;ouml;&amp;icirc;&amp;micro;&amp;yacute;&amp;ntilde;&amp;ecirc;&amp;divide;&amp;yacute;&amp;ntilde;&amp;icirc;&amp;igrave;&amp;ecirc;&amp;uuml;&amp;icirc;&amp;iacute;&amp;icirc;&amp;ouml;&amp;ecirc;&amp;divide;&amp;iacute;&amp;icirc;&amp;iacute;&amp;micro;&amp;ordf;&amp;ograve;&amp;uuml;&amp;yacute;&amp;ntilde;&amp;ecirc;&amp;yacute;&amp;ecirc;&amp;divide;&amp;quot;&amp;ucirc;&amp;icirc;&amp;ecirc;&amp;uuml;&amp;oslash;&amp;divide;&amp;iuml;&amp;oslash;&amp;ucirc;&amp;quot;&amp;oslash;&amp;thorn;&amp;ucirc;&amp;otilde;&amp;icirc;&amp;yacute;&amp;yacute;&amp;ograve;&amp;divide;&amp;eth;&amp;yacute;&amp;ntilde;&amp;icirc;&amp;euml;&amp;ograve;&amp;ucirc;&amp;iacute;&amp;uuml;&amp;euml;&amp;thorn;&amp;ucirc;&amp;divide;&amp;Egrave;&amp;Yacute;&amp;ntilde;&amp;icirc;&amp;igrave;&amp;oslash;&amp;otilde;&amp;oslash;&amp;ucirc;&amp;ordf;&amp;para;&amp;ntilde;&amp;icirc;&amp;ucirc;&amp;icirc;&amp;ntilde;&amp;icirc;&amp;yacute;&amp;thorn;&amp;ucirc;&amp;divide;&amp;icirc;&amp;iacute;&amp;yacute;&amp;oslash;&amp;ouml;&amp;icirc;&amp;para;&amp;ordf;&amp;ograve;&amp;uuml;&amp;ucirc;&amp;icirc;&amp;ecirc;&amp;otilde;&amp;otilde;&amp;quot;&amp;ecirc;&amp;otilde;&amp;ouml;&amp;oslash;&amp;uuml;&amp;yacute;&amp;icirc;&amp;divide;&amp;oslash;&amp;thorn;&amp;eth;&amp;ntilde;&amp;yacute;&amp;oslash; &amp;ecirc;&amp;ucirc;&amp;ucirc;&amp;ecirc;&amp;divide;&amp;yacute;&amp;Oacute;&amp;thorn;&amp;ugrave;&amp;ograve;&amp;yacute;&amp;icirc;&amp;ucirc;&amp;deg;&amp;uuml;&amp;ograve;&amp;iacute;&amp;icirc;&amp;ecirc;&amp;middot;&amp;acirc;&amp;oslash;&amp;thorn;&amp;divide;&amp;icirc;&amp;yuml;&amp;icirc;&amp;ucirc;&amp;uuml;&amp;ecirc; &amp;ecirc;&amp;ouml;&amp;oslash;&amp;ucirc;&amp;icirc;&amp;euml;&amp;ucirc;&amp;ograve;&amp;otilde;&amp;otilde;&amp;ograve;&amp;ecirc;&amp;divide;&amp;yacute;&amp;ouml;&amp;icirc;&amp;yacute;&amp;ecirc;&amp;otilde;&amp;otilde;&amp;ograve;&amp;igrave;&amp;otilde;&amp;thorn;&amp;uuml;&amp;yacute;&amp;ucirc;&amp;icirc;&amp;yacute;&amp;ntilde;&amp;ecirc;&amp;divide;&amp;yacute;&amp;ntilde;&amp;icirc;&amp;uuml;&amp;igrave;&amp;ecirc;&amp;otilde;&amp;icirc;&amp;uuml;&amp;icirc;&amp;ouml;&amp;ograve;&amp;yacute;&amp;para;&amp;euml;&amp;thorn;&amp;yacute;&amp;oslash;&amp;iuml;&amp;yacute;&amp;ntilde;&amp;ograve;&amp;uuml;&amp;quot;&amp;oslash;&amp;thorn;&amp;igrave;&amp;ecirc;&amp;divide;&amp;divide;&amp;oslash;&amp;yacute;&amp;oacute;&amp;thorn;&amp;iacute;&amp;eth;&amp;icirc;&amp;yacute;&amp;ograve;&amp;otilde;&amp;otilde;&amp;yacute;&amp;oslash;&amp;ouml;&amp;oslash;&amp;ucirc;&amp;ucirc;&amp;oslash; &amp;middot;&amp;Ograve;&amp;divide;&amp;yacute;&amp;ntilde;&amp;icirc;&amp;ouml;&amp;icirc;&amp;ecirc;&amp;divide;&amp;yacute;&amp;ograve;&amp;ouml;&amp;icirc;&amp;Ograve;&amp;igrave;&amp;ecirc;&amp;divide;&amp;eth;&amp;ograve;&amp;yuml;&amp;icirc;&amp;quot;&amp;oslash;&amp;thorn;&amp;uuml;&amp;oslash;&amp;ouml;&amp;icirc;&amp;ograve;&amp;iacute;&amp;icirc;&amp;ecirc;&amp;oslash;&amp;iuml;&amp;yacute;&amp;ntilde;&amp;icirc;&amp;uuml;&amp;ntilde;&amp;ecirc;&amp;ugrave;&amp;icirc;&amp;middot;&amp;ordf;&amp;Uuml;&amp;ecirc;&amp;quot;&amp;ograve;&amp;divide;&amp;eth;&amp;yacute;&amp;ntilde;&amp;ograve;&amp;uuml;&amp;micro;&amp;ntilde;&amp;icirc;&amp;uuml;&amp;icirc;&amp;ecirc;&amp;yacute;&amp;icirc;&amp;iacute;&amp;ntilde;&amp;ograve;&amp;ouml;&amp;uuml;&amp;icirc;&amp;otilde;&amp;iuml;&amp;ecirc;&amp;yacute;&amp;ecirc;&amp;uuml;&amp;ouml;&amp;ecirc;&amp;otilde;&amp;otilde;&amp;yacute;&amp;ecirc;&amp;euml;&amp;otilde;&amp;icirc;&amp;micro;&amp;oslash;&amp;divide; &amp;ntilde;&amp;ograve;&amp;igrave;&amp;ntilde; &amp;icirc;&amp;ucirc;&amp;icirc;&amp;ecirc;&amp;ugrave;&amp;icirc;&amp;divide;&amp;ecirc;&amp;divide;&amp;iacute;&amp;ograve;&amp;divide;&amp;ocirc;&amp;micro;&amp;euml;&amp;thorn;&amp;yacute;&amp;divide;&amp;oslash;&amp;ugrave;&amp;ecirc;&amp;ugrave;&amp;icirc;&amp;ucirc;&amp;middot;&amp;Ntilde;&amp;icirc;&amp;otilde;&amp;oslash;&amp;oslash;&amp;ocirc;&amp;icirc;&amp;iacute;&amp;iuml;&amp;oslash;&amp;ucirc;&amp;uuml;&amp;oslash;&amp;ouml;&amp;icirc;&amp;ograve;&amp;divide;&amp;ecirc;&amp;iacute;&amp;ucirc;&amp;ecirc; &amp;icirc;&amp;ucirc;&amp;micro;&amp;euml;&amp;thorn;&amp;yacute;&amp;iuml;&amp;oslash;&amp;thorn;&amp;divide;&amp;iacute;&amp;divide;&amp;oslash;&amp;divide;&amp;icirc;&amp;middot;',2,1,0,'102'),
 (10,'&amp;quot;Nevermind,&amp;quot;saidheatlength,&amp;quot;thiswillanswer;&amp;quot;andhedrewfromhiswaistcoatpocketascrapofwhatItooktobeverydirtyfoolscap,andmadeuponitaroughdrawingwiththepen.Whilehedidthis,Iretainedmyseatbythefire,forIwasstillchilly.Whenthedesignwascomplete,hehandedittomewithoutrising.AsIreceivedit,aloudgrowlwasheard,succeededbyascratchingatthedoor.Jupiteropenedit,andalargeNewfoundland,belongingtoLegrand,rushedin,leapeduponmyshoulders,andloadedmewithcaresses;forIhadshownhimmuchattentionduringpreviousvisits.','&amp;aring;1HYHUPLQG&amp;iuml;&amp;aring;VDLGKHDWOHQJWK&amp;iuml;&amp;aring;WKLVZLOODQVZHU&amp;thorn;&amp;aring;DQGKHGUHZIURPKLVZDLVWFRDWSRFNHWDVFUDSRIZKDW,WRRNWREHYHU\\\\GLUW\\\\IRROVFDS&amp;iuml;DQGPDGHXSRQLWDURXJKGUDZLQJZLWKWKHSHQ&amp;ntilde;:KLOHKHGLGWKLV&amp;iuml;,UHWDLQHGP\\\\VHDWE\\\\WKHILUH&amp;iuml;IRU,ZDVVWLOOFKLOO\\\\&amp;ntilde;:KHQWKHGHVLJQZDVFRPSOHWH&amp;iuml;KHKDQGHGLWWRPHZLWKRXWULVLQJ&amp;ntilde;$V,UHFHLYHGLW&amp;iuml;DORXGJURZOZDVKHDUG&amp;iuml;VXFFHHGHGE\\\\DVFUDWFKLQJDWWKHGRRU&amp;ntilde;-XSLWHURSHQHGLW&amp;iuml;DQGDODUJH1HZIRXQGODQG&amp;iuml;EHORQJLQJWR/HJUDQG&amp;iuml;UXVKHGLQ&amp;iuml;OHDSHGXSRQP\\\\VKRXOGHUV&amp;iuml;DQGORDGHGPHZLWKFDUHVVHV&amp;thorn;IRU,KDGVKRZQKLPPXFKDWWHQWLRQGXULQJSUHYLRXVYLVLWV&amp;ntilde;',2,1,0,'160'),
 (11,'Whenhisgambolswereover,Ilookedatthepaper,and,tospeakthetruth,foundmyselfnotalittlepuzzledatwhatmyfriendhaddepicted.&amp;quot;Well!&amp;quot;Isaid,aftercontemplatingitforsomeminutes,&amp;quot;thisisastrangescarabaeus,Imustconfess:newtome:neversawanythinglikeitbefore-unlessitwasaskull,oradeath\\\'s-head-whichitmorenearlyresemblesthananythingelsethathascomeundermyobservation.&amp;quot;&amp;quot;Adeath\\\'s-head!&amp;quot;echoedLegrand-&amp;quot;Oh-yes-well,ithassomethingofthatappearanceuponpaper,nodoubt.Thetwoupperblackspotslooklikeeyes,eh?andthelongeroneatthebottomlikeamouth-andthentheshapeofthewholeisoval.&amp;quot;','):7@:;E93?4A&amp;gt;EI7D7AH7D&amp;THORN;&amp;ucirc;&amp;gt;AA=763FF:7B3B7D&amp;THORN;3@6&amp;THORN;FAEB73=F:7FDGF:&amp;THORN;8AG@6?KE7&amp;gt;8@AF3&amp;gt;;FF&amp;gt;7BGLL&amp;gt;763FI:3F?K8D;7@6:3667B;5F76&amp;agrave;&amp;Ocirc;)7&amp;gt;&amp;gt;&amp;Oacute;&amp;Ocirc;&amp;ucirc;E3;6&amp;THORN;38F7D5A@F7?B&amp;gt;3F;@9;F8ADEA?7?;@GF7E&amp;THORN;&amp;Ocirc;F:;E;E3EFD3@97E53D3437GE&amp;THORN;&amp;ucirc;?GEF5A@87EE&amp;igrave;@7IFA?7&amp;igrave;@7H7DE3I3@KF:;@9&amp;gt;;=7;F478AD7&amp;szlig;G@&amp;gt;7EE;FI3E3E=G&amp;gt;&amp;gt;&amp;THORN;AD3673F:&amp;Ugrave;E&amp;szlig;:736&amp;szlig;I:;5:;F?AD7@73D&amp;gt;KD7E7?4&amp;gt;7EF:3@3@KF:;@97&amp;gt;E7F:3F:3E5A?7G@67D?KA4E7DH3F;A@&amp;agrave;&amp;Ocirc;&amp;Ocirc;&amp;oacute;673F:&amp;Ugrave;E&amp;szlig;:736&amp;Oacute;&amp;Ocirc;75:A76&amp;thorn;79D3@6&amp;szlig;&amp;Ocirc;!:&amp;szlig;K7E&amp;szlig;I7&amp;gt;&amp;gt;&amp;THORN;;F:3EEA?7F:;@9A8F:3F3BB73D3@57GBA@B3B7D&amp;THORN;@A6AG4F&amp;agrave;&amp;amp;:7FIAGBB7D4&amp;gt;35=EBAFE&amp;gt;AA=&amp;gt;;=77K7E&amp;THORN;7:&amp;ntilde;3@6F:7&amp;gt;A@97DA@73FF:74AFFA?&amp;gt;;=73?AGF:&amp;szlig;3@6F:7@F:7E:3B7A8F:7I:A&amp;gt;7;EAH3&amp;gt;&amp;agrave;&amp;Ocirc;',2,1,0,'143'),
 (12,'&amp;quot;Perhapsso,&amp;quot;saidI;&amp;quot;but,Legrand,Ifearyouarenoartist.ImustwaituntilIseethebeetleitself,ifIamtoformanyideaofitspersonalappearance.&amp;quot;&amp;quot;Well,Idon\\\'tknow,&amp;quot;saidhe,alittlenettled,&amp;quot;Idrawtolerably-shoulddoitatleast-havehadgoodmasters,andflattermyselfthatIamnotquiteablockhead.&amp;quot;&amp;quot;But,mydearfellow,youarejokingthen,&amp;quot;saidI,&amp;quot;thisisaverypassableskull-indeed,Imaysaythatitisaveryexcellentskull,accordingtothevulgarnotionsaboutsuchspecimensofphysiology-andyourscarabaeusmustbethequeerestscarabaeusintheworldifitresemblesit.Why,wemaygetupaverythrillingbitofsuperstitionuponthishint.Ipresumeyouwillcallthebugscarabaeuscaputhominis,orsomethingofthatkind-therearemanysimilartitlesintheNaturalHistories.Butwherearetheantennaeyouspokeof?&amp;quot;','/]r&amp;iexcl;un}&amp;cent;&amp;cent;|9/&amp;cent;nvqVH/o&amp;curren;&amp;pound;9Yrt&amp;iexcl;n{q9Vsrn&amp;iexcl;&amp;uml;|&amp;curren;n&amp;iexcl;r{|n&amp;iexcl;&amp;pound;v&amp;cent;&amp;pound;;Vz&amp;curren;&amp;cent;&amp;pound;&amp;brvbar;nv&amp;pound;&amp;curren;{&amp;pound;vyV&amp;cent;rr&amp;pound;urorr&amp;pound;yrv&amp;pound;&amp;cent;rys9vsVnz&amp;pound;|s|&amp;iexcl;zn{&amp;uml;vqrn|sv&amp;pound;&amp;cent;}r&amp;iexcl;&amp;cent;|{nyn}}rn&amp;iexcl;n{pr;//dryy9Vq|{4&amp;pound;x{|&amp;brvbar;9/&amp;cent;nvqur9nyv&amp;pound;&amp;pound;yr{r&amp;pound;&amp;pound;yrq9/Vq&amp;iexcl;n&amp;brvbar;&amp;pound;|yr&amp;iexcl;noy&amp;uml;:&amp;cent;u|&amp;curren;yqq|v&amp;pound;n&amp;pound;yrn&amp;cent;&amp;pound;:un&amp;yen;runqt||qzn&amp;cent;&amp;pound;r&amp;iexcl;&amp;cent;9n{qsyn&amp;pound;&amp;pound;r&amp;iexcl;z&amp;uml;&amp;cent;rys&amp;pound;un&amp;pound;Vnz{|&amp;pound;~&amp;curren;v&amp;pound;rnoy|pxurnq;//O&amp;curren;&amp;pound;9z&amp;uml;qrn&amp;iexcl;sryy|&amp;brvbar;9&amp;uml;|&amp;curren;n&amp;iexcl;rw|xv{t&amp;pound;ur{9/&amp;cent;nvqV9/&amp;pound;uv&amp;cent;v&amp;cent;n&amp;yen;r&amp;iexcl;&amp;uml;}n&amp;cent;&amp;cent;noyr&amp;cent;x&amp;curren;yy:v{qrrq9Vzn&amp;uml;&amp;cent;n&amp;uml;&amp;pound;un&amp;pound;v&amp;pound;v&amp;cent;n&amp;yen;r&amp;iexcl;&amp;uml;r&amp;sect;pryyr{&amp;pound;&amp;cent;x&amp;curren;yy9npp|&amp;iexcl;qv{t&amp;pound;|&amp;pound;ur&amp;yen;&amp;curren;ytn&amp;iexcl;{|&amp;pound;v|{&amp;cent;no|&amp;curren;&amp;pound;&amp;cent;&amp;curren;pu&amp;cent;}rpvzr{&amp;cent;|s}u&amp;uml;&amp;cent;v|y|t&amp;uml;:n{q&amp;uml;|&amp;curren;&amp;iexcl;&amp;cent;pn&amp;iexcl;nonr&amp;curren;&amp;cent;z&amp;curren;&amp;cent;&amp;pound;or&amp;pound;ur~&amp;curren;rr&amp;iexcl;r&amp;cent;&amp;pound;&amp;cent;pn&amp;iexcl;nonr&amp;curren;&amp;cent;v{&amp;pound;ur&amp;brvbar;|&amp;iexcl;yqvsv&amp;pound;&amp;iexcl;r&amp;cent;rzoyr&amp;cent;v&amp;pound;;du&amp;uml;9&amp;brvbar;rzn&amp;uml;tr&amp;pound;&amp;curren;}n&amp;yen;r&amp;iexcl;&amp;uml;&amp;pound;u&amp;iexcl;vyyv{tov&amp;pound;|s&amp;cent;&amp;curren;}r&amp;iexcl;&amp;cent;&amp;pound;v&amp;pound;v|{&amp;curren;}|{&amp;pound;uv&amp;cent;uv{&amp;pound;;V}&amp;iexcl;r&amp;cent;&amp;curren;zr&amp;uml;|&amp;curren;&amp;brvbar;vyypnyy&amp;pound;uro&amp;curren;t&amp;cent;pn&amp;iexcl;nonr&amp;curren;&amp;cent;pn}&amp;curren;&amp;pound;u|zv{v&amp;cent;9|&amp;iexcl;&amp;cent;|zr&amp;pound;uv{t|s&amp;pound;un&amp;pound;xv{q:&amp;pound;ur&amp;iexcl;rn&amp;iexcl;rzn{&amp;uml;&amp;cent;vzvyn&amp;iexcl;&amp;pound;v&amp;pound;yr&amp;cent;v{&amp;pound;ur[n&amp;pound;&amp;curren;&amp;iexcl;nyUv&amp;cent;&amp;pound;|&amp;iexcl;vr&amp;cent;;O&amp;curren;&amp;pound;&amp;brvbar;ur&amp;iexcl;rn&amp;iexcl;r&amp;pound;urn{&amp;pound;r{{nr&amp;uml;|&amp;curren;&amp;cent;}|xr|sL/',2,1,0,'13'),
 (13,'&amp;quot;Theantennae!&amp;quot;saidLegrand,whoseemedtobegettingunaccountablywarmuponthesubject;&amp;quot;Iamsureyoumustseetheantennae.Imadethemasdistinctastheyareintheoriginalinsect,andIpresumethatissufficient.&amp;quot;&amp;quot;Well,well,&amp;quot;Isaid,&amp;quot;perhapsyouhave-stillIdon\\\'tseethem;&amp;quot;andIhandedhimthepaperwithoutadditionalremark,notwishingtorufflehistemper;butIwasmuchsurprisedattheturnaffairshadtaken;hisillhumorpuzzledme-and,asforthedrawingofthebeetle,therewerepositivelynoantennaevisible,andthewholedidbearaverycloseresemblancetotheordinarycutsofadeath\\\'s-head.','\\\\&amp;plusmn;&amp;Aring;&amp;Acirc;&amp;frac34;&amp;Euml;&amp;Ntilde;&amp;Acirc;&amp;Euml;&amp;Euml;&amp;frac34;&amp;Acirc;[\\\\&amp;ETH;&amp;frac34;&amp;AElig;&amp;Aacute;&amp;uml;&amp;Acirc;&amp;Auml;&amp;Iuml;&amp;frac34;&amp;Euml;&amp;Aacute;f&amp;Ocirc;&amp;Aring;&amp;Igrave;&amp;ETH;&amp;Acirc;&amp;Acirc;&amp;Ecirc;&amp;Acirc;&amp;Aacute;&amp;Ntilde;&amp;Igrave;&amp;iquest;&amp;Acirc;&amp;Auml;&amp;Acirc;&amp;Ntilde;&amp;Ntilde;&amp;AElig;&amp;Euml;&amp;Auml;&amp;Ograve;&amp;Euml;&amp;frac34;&amp;Agrave;&amp;Agrave;&amp;Igrave;&amp;Ograve;&amp;Euml;&amp;Ntilde;&amp;frac34;&amp;iquest;&amp;Eacute;&amp;Ouml;&amp;Ocirc;&amp;frac34;&amp;Iuml;&amp;Ecirc;&amp;Ograve;&amp;Iacute;&amp;Igrave;&amp;Euml;&amp;Ntilde;&amp;Aring;&amp;Acirc;&amp;ETH;&amp;Ograve;&amp;iquest;&amp;Ccedil;&amp;Acirc;&amp;Agrave;&amp;Ntilde;u\\\\&amp;yen;&amp;frac34;&amp;Ecirc;&amp;ETH;&amp;Ograve;&amp;Iuml;&amp;Acirc;&amp;Ouml;&amp;Igrave;&amp;Ograve;&amp;Ecirc;&amp;Ograve;&amp;ETH;&amp;Ntilde;&amp;ETH;&amp;Acirc;&amp;Acirc;&amp;Ntilde;&amp;Aring;&amp;Acirc;&amp;frac34;&amp;Euml;&amp;Ntilde;&amp;Acirc;&amp;Euml;&amp;Euml;&amp;frac34;&amp;Acirc;h&amp;yen;&amp;Ecirc;&amp;frac34;&amp;Aacute;&amp;Acirc;&amp;Ntilde;&amp;Aring;&amp;Acirc;&amp;Ecirc;&amp;frac34;&amp;ETH;&amp;Aacute;&amp;AElig;&amp;ETH;&amp;Ntilde;&amp;AElig;&amp;Euml;&amp;Agrave;&amp;Ntilde;&amp;frac34;&amp;ETH;&amp;Ntilde;&amp;Aring;&amp;Acirc;&amp;Ouml;&amp;frac34;&amp;Iuml;&amp;Acirc;&amp;AElig;&amp;Euml;&amp;Ntilde;&amp;Aring;&amp;Acirc;&amp;Igrave;&amp;Iuml;&amp;AElig;&amp;Auml;&amp;AElig;&amp;Euml;&amp;frac34;&amp;Eacute;&amp;AElig;&amp;Euml;&amp;ETH;&amp;Acirc;&amp;Agrave;&amp;Ntilde;f&amp;frac34;&amp;Euml;&amp;Aacute;&amp;yen;&amp;Iacute;&amp;Iuml;&amp;Acirc;&amp;ETH;&amp;Ograve;&amp;Ecirc;&amp;Acirc;&amp;Ntilde;&amp;Aring;&amp;frac34;&amp;Ntilde;&amp;AElig;&amp;ETH;&amp;ETH;&amp;Ograve;&amp;Atilde;&amp;Atilde;&amp;AElig;&amp;Agrave;&amp;AElig;&amp;Acirc;&amp;Euml;&amp;Ntilde;h\\\\\\\\&amp;acute;&amp;Acirc;&amp;Eacute;&amp;Eacute;f&amp;Ocirc;&amp;Acirc;&amp;Eacute;&amp;Eacute;f\\\\&amp;yen;&amp;ETH;&amp;frac34;&amp;AElig;&amp;Aacute;f\\\\&amp;Iacute;&amp;Acirc;&amp;Iuml;&amp;Aring;&amp;frac34;&amp;Iacute;&amp;ETH;&amp;Ouml;&amp;Igrave;&amp;Ograve;&amp;Aring;&amp;frac34;&amp;Oacute;&amp;Acirc;g&amp;ETH;&amp;Ntilde;&amp;AElig;&amp;Eacute;&amp;Eacute;&amp;yen;&amp;Aacute;&amp;Igrave;&amp;Euml;a&amp;Ntilde;&amp;ETH;&amp;Acirc;&amp;Acirc;&amp;Ntilde;&amp;Aring;&amp;Acirc;&amp;Ecirc;u\\\\&amp;frac34;&amp;Euml;&amp;Aacute;&amp;yen;&amp;Aring;&amp;frac34;&amp;Euml;&amp;Aacute;&amp;Acirc;&amp;Aacute;&amp;Aring;&amp;AElig;&amp;Ecirc;&amp;Ntilde;&amp;Aring;&amp;Acirc;&amp;Iacute;&amp;frac34;&amp;Iacute;&amp;Acirc;&amp;Iuml;&amp;Ocirc;&amp;AElig;&amp;Ntilde;&amp;Aring;&amp;Igrave;&amp;Ograve;&amp;Ntilde;&amp;frac34;&amp;Aacute;&amp;Aacute;&amp;AElig;&amp;Ntilde;&amp;AElig;&amp;Igrave;&amp;Euml;&amp;frac34;&amp;Eacute;&amp;Iuml;&amp;Acirc;&amp;Ecirc;&amp;frac34;&amp;Iuml;&amp;Egrave;f&amp;Euml;&amp;Igrave;&amp;Ntilde;&amp;Ocirc;&amp;AElig;&amp;ETH;&amp;Aring;&amp;AElig;&amp;Euml;&amp;Auml;&amp;Ntilde;&amp;Igrave;&amp;Iuml;&amp;Ograve;&amp;Atilde;&amp;Atilde;&amp;Eacute;&amp;Acirc;&amp;Aring;&amp;AElig;&amp;ETH;&amp;Ntilde;&amp;Acirc;&amp;Ecirc;&amp;Iacute;&amp;Acirc;&amp;Iuml;u&amp;iquest;&amp;Ograve;&amp;Ntilde;&amp;yen;&amp;Ocirc;&amp;frac34;&amp;ETH;&amp;Ecirc;&amp;Ograve;&amp;Agrave;&amp;Aring;&amp;ETH;&amp;Ograve;&amp;Iuml;&amp;Iacute;&amp;Iuml;&amp;AElig;&amp;ETH;&amp;Acirc;&amp;Aacute;&amp;frac34;&amp;Ntilde;&amp;Ntilde;&amp;Aring;&amp;Acirc;&amp;Ntilde;&amp;Ograve;&amp;Iuml;&amp;Euml;&amp;frac34;&amp;Atilde;&amp;Atilde;&amp;frac34;&amp;AElig;&amp;Iuml;&amp;ETH;&amp;Aring;&amp;frac34;&amp;Aacute;&amp;Ntilde;&amp;frac34;&amp;Egrave;&amp;Acirc;&amp;Euml;u&amp;Aring;&amp;AElig;&amp;ETH;&amp;AElig;&amp;Eacute;&amp;Eacute;&amp;Aring;&amp;Ograve;&amp;Ecirc;&amp;Igrave;&amp;Iuml;&amp;Iacute;&amp;Ograve;&amp;times;&amp;times;&amp;Eacute;&amp;Acirc;&amp;Aacute;&amp;Ecirc;&amp;Acirc;g&amp;frac34;&amp;Euml;&amp;Aacute;f&amp;frac34;&amp;ETH;&amp;Atilde;&amp;Igrave;&amp;Iuml;&amp;Ntilde;&amp;Aring;&amp;Acirc;&amp;Aacute;&amp;Iuml;&amp;frac34;&amp;Ocirc;&amp;AElig;&amp;Euml;&amp;Auml;&amp;Igrave;&amp;Atilde;&amp;Ntilde;&amp;Aring;&amp;Acirc;&amp;iquest;&amp;Acirc;&amp;Acirc;&amp;Ntilde;&amp;Eacute;&amp;Acirc;f&amp;Ntilde;&amp;Aring;&amp;Acirc;&amp;Iuml;&amp;Acirc;&amp;Ocirc;&amp;Acirc;&amp;Iuml;&amp;Acirc;&amp;Iacute;&amp;Igrave;&amp;ETH;&amp;AElig;&amp;Ntilde;&amp;AElig;&amp;Oacute;&amp;Acirc;&amp;Eacute;&amp;Ouml;&amp;Euml;&amp;Igrave;&amp;frac34;&amp;Euml;&amp;Ntilde;&amp;Acirc;&amp;Euml;&amp;Euml;&amp;frac34;&amp;Acirc;&amp;Oacute;&amp;AElig;&amp;ETH;&amp;AElig;&amp;iquest;&amp;Eacute;&amp;Acirc;f&amp;frac34;&amp;Euml;&amp;Aacute;&amp;Ntilde;&amp;Aring;&amp;Acirc;&amp;Ocirc;&amp;Aring;&amp;Igrave;&amp;Eacute;&amp;Acirc;&amp;Aacute;&amp;AElig;&amp;Aacute;&amp;iquest;&amp;Acirc;&amp;frac34;&amp;Iuml;&amp;frac34;&amp;Oacute;&amp;Acirc;&amp;Iuml;&amp;Ouml;&amp;Agrave;&amp;Eacute;&amp;Igrave;&amp;ETH;&amp;Acirc;&amp;Iuml;&amp;Acirc;&amp;ETH;&amp;Acirc;&amp;Ecirc;&amp;iquest;&amp;Eacute;&amp;frac34;&amp;Euml;&amp;Agrave;&amp;Acirc;&amp;Ntilde;&amp;Igrave;&amp;Ntilde;&amp;Aring;&amp;Acirc;&amp;Igrave;&amp;Iuml;&amp;Aacute;&amp;AElig;&amp;Euml;&amp;frac34;&amp;Iuml;&amp;Ouml;&amp;Agrave;&amp;Ograve;&amp;Ntilde;&amp;ETH;&amp;Igrave;&amp;Atilde;&amp;frac34;&amp;Aacute;&amp;Acirc;&amp;frac34;&amp;Ntilde;&amp;Aring;a&amp;ETH;g&amp;Aring;&amp;Acirc;&amp;frac34;&amp;Aacute;h',2,1,0,'58'),
 (14,'Hereceivedthepaperverypeevishly,andwasabouttocrumpleit,apparentlytothrowitinthefire,whenacasualglanceatthedesignseemedsuddenlytorivethisattention.Inaninstanthisfacegrewviolentlyred-inanotherasexcessivelypale.Forsomeminuteshecontinuedtoscrutinizethedrawingminutelywherehesat.Atlengthhearose,tookacandlefromthetable,andproceededtoseathimselfuponasea-chestinthefarthestcorneroftheroom.Hereagainhemadeananxiousexaminationofthepaper;turningitinalldirections.','u&amp;micro;&amp;Acirc;&amp;micro;&amp;sup3;&amp;micro;&amp;sup1;&amp;AElig;&amp;micro;&amp;acute;&amp;Auml;&amp;cedil;&amp;micro;&amp;Agrave;&amp;plusmn;&amp;Agrave;&amp;micro;&amp;Acirc;&amp;AElig;&amp;micro;&amp;Acirc;&amp;Eacute;&amp;Agrave;&amp;micro;&amp;micro;&amp;AElig;&amp;sup1;&amp;Atilde;&amp;cedil;&amp;frac14;&amp;Eacute;Y&amp;plusmn;&amp;frac34;&amp;acute;&amp;Ccedil;&amp;plusmn;&amp;Atilde;&amp;plusmn;&amp;sup2;&amp;iquest;&amp;Aring;&amp;Auml;&amp;Auml;&amp;iquest;&amp;sup3;&amp;Acirc;&amp;Aring;&amp;frac12;&amp;Agrave;&amp;frac14;&amp;micro;&amp;sup1;&amp;Auml;Y&amp;plusmn;&amp;Agrave;&amp;Agrave;&amp;plusmn;&amp;Acirc;&amp;micro;&amp;frac34;&amp;Auml;&amp;frac14;&amp;Eacute;&amp;Auml;&amp;iquest;&amp;Auml;&amp;cedil;&amp;Acirc;&amp;iquest;&amp;Ccedil;&amp;sup1;&amp;Auml;&amp;sup1;&amp;frac34;&amp;Auml;&amp;cedil;&amp;micro;&amp;para;&amp;sup1;&amp;Acirc;&amp;micro;Y&amp;Ccedil;&amp;cedil;&amp;micro;&amp;frac34;&amp;plusmn;&amp;sup3;&amp;plusmn;&amp;Atilde;&amp;Aring;&amp;plusmn;&amp;frac14;&amp;middot;&amp;frac14;&amp;plusmn;&amp;frac34;&amp;sup3;&amp;micro;&amp;plusmn;&amp;Auml;&amp;Auml;&amp;cedil;&amp;micro;&amp;acute;&amp;micro;&amp;Atilde;&amp;sup1;&amp;middot;&amp;frac34;&amp;Atilde;&amp;micro;&amp;micro;&amp;frac12;&amp;micro;&amp;acute;&amp;Atilde;&amp;Aring;&amp;acute;&amp;acute;&amp;micro;&amp;frac34;&amp;frac14;&amp;Eacute;&amp;Auml;&amp;iquest;&amp;Acirc;&amp;sup1;&amp;AElig;&amp;micro;&amp;Auml;&amp;cedil;&amp;sup1;&amp;Atilde;&amp;plusmn;&amp;Auml;&amp;Auml;&amp;micro;&amp;frac34;&amp;Auml;&amp;sup1;&amp;iquest;&amp;frac34;[v&amp;frac34;&amp;plusmn;&amp;frac34;&amp;sup1;&amp;frac34;&amp;Atilde;&amp;Auml;&amp;plusmn;&amp;frac34;&amp;Auml;&amp;cedil;&amp;sup1;&amp;Atilde;&amp;para;&amp;plusmn;&amp;sup3;&amp;micro;&amp;middot;&amp;Acirc;&amp;micro;&amp;Ccedil;&amp;AElig;&amp;sup1;&amp;iquest;&amp;frac14;&amp;micro;&amp;frac34;&amp;Auml;&amp;frac14;&amp;Eacute;&amp;Acirc;&amp;micro;&amp;acute;Z&amp;sup1;&amp;frac34;&amp;plusmn;&amp;frac34;&amp;iquest;&amp;Auml;&amp;cedil;&amp;micro;&amp;Acirc;&amp;plusmn;&amp;Atilde;&amp;micro;&amp;Egrave;&amp;sup3;&amp;micro;&amp;Atilde;&amp;Atilde;&amp;sup1;&amp;AElig;&amp;micro;&amp;frac14;&amp;Eacute;&amp;Agrave;&amp;plusmn;&amp;frac14;&amp;micro;[s&amp;iquest;&amp;Acirc;&amp;Atilde;&amp;iquest;&amp;frac12;&amp;micro;&amp;frac12;&amp;sup1;&amp;frac34;&amp;Aring;&amp;Auml;&amp;micro;&amp;Atilde;&amp;cedil;&amp;micro;&amp;sup3;&amp;iquest;&amp;frac34;&amp;Auml;&amp;sup1;&amp;frac34;&amp;Aring;&amp;micro;&amp;acute;&amp;Auml;&amp;iquest;&amp;Atilde;&amp;sup3;&amp;Acirc;&amp;Aring;&amp;Auml;&amp;sup1;&amp;frac34;&amp;sup1;&amp;Ecirc;&amp;micro;&amp;Auml;&amp;cedil;&amp;micro;&amp;acute;&amp;Acirc;&amp;plusmn;&amp;Ccedil;&amp;sup1;&amp;frac34;&amp;middot;&amp;frac12;&amp;sup1;&amp;frac34;&amp;Aring;&amp;Auml;&amp;micro;&amp;frac14;&amp;Eacute;&amp;Ccedil;&amp;cedil;&amp;micro;&amp;Acirc;&amp;micro;&amp;cedil;&amp;micro;&amp;Atilde;&amp;plusmn;&amp;Auml;[n&amp;Auml;&amp;frac14;&amp;micro;&amp;frac34;&amp;middot;&amp;Auml;&amp;cedil;&amp;cedil;&amp;micro;&amp;plusmn;&amp;Acirc;&amp;iquest;&amp;Atilde;&amp;micro;Y&amp;Auml;&amp;iquest;&amp;iquest;&amp;raquo;&amp;plusmn;&amp;sup3;&amp;plusmn;&amp;frac34;&amp;acute;&amp;frac14;&amp;micro;&amp;para;&amp;Acirc;&amp;iquest;&amp;frac12;&amp;Auml;&amp;cedil;&amp;micro;&amp;Auml;&amp;plusmn;&amp;sup2;&amp;frac14;&amp;micro;Y&amp;plusmn;&amp;frac34;&amp;acute;&amp;Agrave;&amp;Acirc;&amp;iquest;&amp;sup3;&amp;micro;&amp;micro;&amp;acute;&amp;micro;&amp;acute;&amp;Auml;&amp;iquest;&amp;Atilde;&amp;micro;&amp;plusmn;&amp;Auml;&amp;cedil;&amp;sup1;&amp;frac12;&amp;Atilde;&amp;micro;&amp;frac14;&amp;para;&amp;Aring;&amp;Agrave;&amp;iquest;&amp;frac34;&amp;plusmn;&amp;Atilde;&amp;micro;&amp;plusmn;Z&amp;sup3;&amp;cedil;&amp;micro;&amp;Atilde;&amp;Auml;&amp;sup1;&amp;frac34;&amp;Auml;&amp;cedil;&amp;micro;&amp;para;&amp;plusmn;&amp;Acirc;&amp;Auml;&amp;cedil;&amp;micro;&amp;Atilde;&amp;Auml;&amp;sup3;&amp;iquest;&amp;Acirc;&amp;frac34;&amp;micro;&amp;Acirc;&amp;iquest;&amp;para;&amp;Auml;&amp;cedil;&amp;micro;&amp;Acirc;&amp;iquest;&amp;iquest;&amp;frac12;[u&amp;micro;&amp;Acirc;&amp;micro;&amp;plusmn;&amp;middot;&amp;plusmn;&amp;sup1;&amp;frac34;&amp;cedil;&amp;micro;&amp;frac12;&amp;plusmn;&amp;acute;&amp;micro;&amp;plusmn;&amp;frac34;&amp;plusmn;&amp;frac34;&amp;Egrave;&amp;sup1;&amp;iquest;&amp;Aring;&amp;Atilde;&amp;micro;&amp;Egrave;&amp;plusmn;&amp;frac12;&amp;sup1;&amp;frac34;&amp;plusmn;&amp;Auml;&amp;sup1;&amp;iquest;&amp;frac34;&amp;iquest;&amp;para;&amp;Auml;&amp;cedil;&amp;micro;&amp;Agrave;&amp;plusmn;&amp;Agrave;&amp;micro;&amp;Acirc;h&amp;Auml;&amp;Aring;&amp;Acirc;&amp;frac34;&amp;sup1;&amp;frac34;&amp;middot;&amp;sup1;&amp;Auml;&amp;sup1;&amp;frac34;&amp;plusmn;&amp;frac14;&amp;frac14;&amp;acute;&amp;sup1;&amp;Acirc;&amp;micro;&amp;sup3;&amp;Auml;&amp;sup1;&amp;iquest;&amp;frac34;&amp;Atilde;[',2,1,0,'45'),
 (15,'Hesaidnothing,however,andhisconductgreatlyastonishedme;yetIthoughtitprudentnottoexacerbatethegrowingmoodinessofhistemperbyanycomment.Presentlyhetookfromhiscoatpocketawallet,placedthepapercarefullyinit,anddepositedbothinawriting-desk,whichhelocked.Henowgrewmorecomposedinhisdemeanor;buthisoriginalairofenthusiasmhadquitedisappeared.Yetheseemednotsomuchsulkyasabstracted.Astheeveningworeawayhebecamemoreandmoreabsorbedinreverie,fromwhichnosalliesofminecouldarousehim.','&amp;icirc;+9\\\'/*45:./4-&amp;Ograve;.5=+&amp;lt;+8&amp;Ograve;\\\'4*./9)54*;):-8+\\\':2?\\\'9:54/9.+*3+&amp;aacute;?+:&amp;iuml;:.5;-.:/:68;*+4:45::5+&amp;gt;\\\')+8(\\\':+:.+-85=/4-355*/4+995,./9:+36+8(?\\\'4?)533+4:&amp;Ocirc;&amp;ouml;8+9+4:2?.+:551,853./9)5\\\':65)1+:\\\'=\\\'22+:&amp;Ograve;62\\\')+*:.+6\\\'6+8)\\\'8+,;22?/4/:&amp;Ograve;\\\'4**+659/:+*(5:./4\\\'=8/:/4-&amp;Oacute;*+91&amp;Ograve;=./)..+25)1+*&amp;Ocirc;&amp;icirc;+45=-8+=358+)53659+*/4./9*+3+\\\'458&amp;aacute;(;:./958/-/4\\\'2\\\'/85,+4:.;9/\\\'93.\\\'*7;/:+*/9\\\'66+\\\'8+*&amp;Ocirc;&amp;yuml;+:.+9++3+*45:953;).9;21?\\\'9\\\'(9:8\\\'):+*&amp;Ocirc;&amp;ccedil;9:.++&amp;lt;+4/4-=58+\\\'=\\\'?.+(+)\\\'3+358+\\\'4*358+\\\'(958(+*/48+&amp;lt;+8/+&amp;Ograve;,853=./).459\\\'22/+95,3/4+)5;2*\\\'85;9+./3&amp;Ocirc;',2,1,0,'131'),
 (16,'Ithadbeenmyintentiontopassthenightatthehut,asIhadfrequentlydonebefore,but,seeingmyhostinthismood,Ideemeditpropertotakeleave.Hedidnotpressmetoremain,but,asIdeparted,heshookmyhandwithevenmorethanhisusualcordiality.Itwasaboutamonthafterthis(andduringtheintervalIhadseennothingofLegrand)whenIreceivedavisit,atCharleston,fromhisman,Jupiter.Ihadneverseenthegoodoldnegrolooksodispirited,andIfearedthatsomeseriousdisasterhadbefallenmyfriend.&amp;quot;Well,Jup,&amp;quot;saidI,&amp;quot;whatisthematternow?-howisyourmaster?&amp;quot;','Grf_b`cclkwglrclrgmlrmn_qqrfclgefr_rrfcfsr*_qGf_bdpcosclrjwbmlc`cdmpc*`sr*qccglekwfmqrglrfgqkmmb*Gbcckcbgrnpmncprmr_icjc_tc,Fcbgblmrnpcqqkcrmpck_gl*`sr*_qGbcn_prcb*fcqfmmikwf_lbugrfctclkmpcrf_lfgqsqs_jampbg_jgrw,Gru_q_`msr_kmlrf_drcprfgq&amp;amp;_lbbspglerfcglrcpt_jGf_bqccllmrfglemdJcep_lb\\\'ufclGpcacgtcb_tgqgr*_rAf_pjcqrml*dpmkfgqk_l*Hsngrcp,Gf_blctcpqcclrfcemmbmjblcepmjmmiqmbgqngpgrcb*_lbGdc_pcbrf_rqmkcqcpgmsqbgq_qrcpf_b`cd_jjclkwdpgclb, Ucjj*Hsn* q_gbG* uf_rgqrfck_rrcplmu=+fmugqwmspk_qrcp=',2,1,0,'187');
INSERT INTO `textos` (`id_texto`,`texto_plano`,`texto_cifrado`,`id_idioma`,`id_metodo`,`asignado`,`clave`) VALUES 
 (17,'&amp;quot;Why,tospeakdetroof,massa,himnotsoberrywellasmoughtbe.&amp;quot;&amp;quot;Notwell!Iamtrulysorrytohearit.Whatdoeshecomplainof?&amp;quot;&amp;quot;Dar!dat\\\'sit!-himneberplainofnotin-buthimberrysickforalldat.&amp;quot;&amp;quot;Verysick,Jupiter!-whydidn\\\'tyousaysoatonce?Isheconfinedtobed?&amp;quot;&amp;quot;No,datheaint!-heaintfindnowhar-dat\\\'sjustwhardeshoepinch-mymindisgottobeberryhebbyboutpoorMassaWill.&amp;quot;&amp;quot;Jupiter,Ishouldliketounderstandwhatitisyouaretalkingabout.Yousayyourmasterissick.Hasn\\\'thetoldyouwhatailshim?&amp;quot;&amp;quot;Why,massa,taintworfwhilefortogitmadaboutdematter-MassaWillsaynoffinatallaintdematterwidhim-butdenwhatmakehimgoaboutlookingdishereway,widheheaddownandhesoldiersup,andaswhiteasagose?Anddenhekeepasyphonalldetime-&amp;quot;','1fw&amp;ordf;;&amp;yen;~&amp;curren;&amp;iexcl;tpzst&amp;yen;&amp;pound;~~u;|p&amp;curren;&amp;curren;p;wx|}~&amp;yen;&amp;curren;~qt&amp;pound;&amp;pound;&amp;ordf;&amp;uml;t{{p&amp;curren;|~&amp;brvbar;vw&amp;yen;qt=11]~&amp;yen;&amp;uml;t{{0Xp|&amp;yen;&amp;pound;&amp;brvbar;{&amp;ordf;&amp;curren;~&amp;pound;&amp;pound;&amp;ordf;&amp;yen;~wtp&amp;pound;x&amp;yen;=fwp&amp;yen;s~t&amp;curren;wtr~|&amp;iexcl;{px}~uN11Sp&amp;pound;0sp&amp;yen;6&amp;curren;x&amp;yen;0&amp;lt;wx|}tqt&amp;pound;&amp;iexcl;{px}~u}~&amp;yen;x}&amp;lt;q&amp;brvbar;&amp;yen;wx|qt&amp;pound;&amp;pound;&amp;ordf;&amp;curren;xrzu~&amp;pound;p{{sp&amp;yen;=11et&amp;pound;&amp;ordf;&amp;curren;xrz;Y&amp;brvbar;&amp;iexcl;x&amp;yen;t&amp;pound;0&amp;lt;&amp;uml;w&amp;ordf;sxs}6&amp;yen;&amp;ordf;~&amp;brvbar;&amp;curren;p&amp;ordf;&amp;curren;~p&amp;yen;~}rtNX&amp;curren;wtr~}ux}ts&amp;yen;~qtsN11]~;sp&amp;yen;wtpx}&amp;yen;0&amp;lt;wtpx}&amp;yen;ux}s}~&amp;uml;wp&amp;pound;&amp;lt;sp&amp;yen;6&amp;curren;y&amp;brvbar;&amp;curren;&amp;yen;&amp;uml;wp&amp;pound;st&amp;curren;w~t&amp;iexcl;x}rw&amp;lt;|&amp;ordf;|x}sx&amp;curren;v~&amp;yen;&amp;yen;~qtqt&amp;pound;&amp;pound;&amp;ordf;wtqq&amp;ordf;q~&amp;brvbar;&amp;yen;&amp;iexcl;~~&amp;pound;\\\\p&amp;curren;&amp;curren;pfx{{=11Y&amp;brvbar;&amp;iexcl;x&amp;yen;t&amp;pound;;X&amp;curren;w~&amp;brvbar;{s{xzt&amp;yen;~&amp;brvbar;}st&amp;pound;&amp;curren;&amp;yen;p}s&amp;uml;wp&amp;yen;x&amp;yen;x&amp;curren;&amp;ordf;~&amp;brvbar;p&amp;pound;t&amp;yen;p{zx}vpq~&amp;brvbar;&amp;yen;=h~&amp;brvbar;&amp;curren;p&amp;ordf;&amp;ordf;~&amp;brvbar;&amp;pound;|p&amp;curren;&amp;yen;t&amp;pound;x&amp;curren;&amp;curren;xrz=Wp&amp;curren;}6&amp;yen;wt&amp;yen;~{s&amp;ordf;~&amp;brvbar;&amp;uml;wp&amp;yen;px{&amp;curren;wx|N11fw&amp;ordf;;|p&amp;curren;&amp;curren;p;&amp;yen;px}&amp;yen;&amp;uml;~&amp;pound;u&amp;uml;wx{tu~&amp;pound;&amp;yen;~vx&amp;yen;|pspq~&amp;brvbar;&amp;yen;st|p&amp;yen;&amp;yen;t&amp;pound;&amp;lt;\\\\p&amp;curren;&amp;curren;pfx{{&amp;curren;p&amp;ordf;}~uux}p&amp;yen;p{{px}&amp;yen;st|p&amp;yen;&amp;yen;t&amp;pound;&amp;uml;xswx|&amp;lt;q&amp;brvbar;&amp;yen;st}&amp;uml;wp&amp;yen;|pztwx|v~pq~&amp;brvbar;&amp;yen;{~~zx}vsx&amp;curren;wt&amp;pound;t&amp;uml;p&amp;ordf;;&amp;uml;xswtwtpss~&amp;uml;}p}swt&amp;curren;~{sxt&amp;pound;&amp;curren;&amp;brvbar;&amp;iexcl;;p}sp&amp;curren;&amp;uml;wx&amp;yen;tp&amp;curren;pv~&amp;curren;tNP}sst}wtztt&amp;iexcl;p&amp;curren;&amp;ordf;&amp;iexcl;w~}p{{st&amp;yen;x|t&amp;lt;1',2,1,0,'15'),
 (18,'&amp;quot;Keepsawhat,Jupiter?&amp;quot;&amp;quot;Keepsasyphonwiddefiggursondeslate-dequeerestfiggursIebberdidsee.Isegittintobeskeered,Itellyou.Habfortokeepmightytighteyeponhimnoovers.Todderdayhegibmeslipforedesunupandwasgonedewholeobdeblessedday.Ihadabigstickreadycutfortogibhimdeucedgoodbeatingwhenhedidcome-butIsesichafooldatIhadn\\\'tdeheartarterall-helooksoberrypoorly.&amp;quot;&amp;quot;Eh?-what?-ahyes!-uponthewholeIthinkyouhadbetternotbetooseverewiththepoorfellow-don\\\'tfloghim,Jupiter-hecan\\\'tverywellstandit-butcanyouformnoideaofwhathasoccasionedthisillness,orratherthischangeofconduct?HasanythingunpleasanthappenedsinceIsawyou?&amp;quot;','6_yy&amp;brvbar;&amp;copy;u&amp;reg;|u&amp;ordf;@^&amp;laquo;&amp;brvbar;}&amp;ordf;y&amp;uml;S66_yy&amp;brvbar;&amp;copy;u&amp;copy;&amp;deg;&amp;brvbar;|&amp;yen;&amp;curren;&amp;reg;}xxyz}{{&amp;laquo;&amp;uml;&amp;copy;&amp;yen;&amp;curren;xy&amp;copy;&amp;cent;u&amp;ordf;yAxy&amp;sect;&amp;laquo;yy&amp;uml;y&amp;copy;&amp;ordf;z}{{&amp;laquo;&amp;uml;&amp;copy;]yvvy&amp;uml;x}x&amp;copy;yyB]&amp;copy;y{}&amp;ordf;&amp;ordf;}&amp;curren;&amp;ordf;&amp;yen;vy&amp;copy;&amp;iexcl;yy&amp;uml;yx@]&amp;ordf;y&amp;cent;&amp;cent;&amp;deg;&amp;yen;&amp;laquo;B\\\\uvz&amp;yen;&amp;uml;&amp;ordf;&amp;yen;&amp;iexcl;yy&amp;brvbar;&amp;pound;}{|&amp;ordf;&amp;deg;&amp;ordf;}{|&amp;ordf;y&amp;deg;y&amp;brvbar;&amp;yen;&amp;curren;|}&amp;pound;&amp;curren;&amp;yen;&amp;yen;&amp;not;y&amp;uml;&amp;copy;Bh&amp;yen;xxy&amp;uml;xu&amp;deg;|y{}v&amp;pound;y&amp;copy;&amp;cent;}&amp;brvbar;z&amp;yen;&amp;uml;yxy&amp;copy;&amp;laquo;&amp;curren;&amp;laquo;&amp;brvbar;u&amp;curren;x&amp;reg;u&amp;copy;{&amp;yen;&amp;curren;yxy&amp;reg;|&amp;yen;&amp;cent;y&amp;yen;vxyv&amp;cent;y&amp;copy;&amp;copy;yxxu&amp;deg;B]|uxuv}{&amp;copy;&amp;ordf;}w&amp;iexcl;&amp;uml;yux&amp;deg;w&amp;laquo;&amp;ordf;z&amp;yen;&amp;uml;&amp;ordf;&amp;yen;{}v|}&amp;pound;xy&amp;laquo;wyx{&amp;yen;&amp;yen;xvyu&amp;ordf;}&amp;curren;{&amp;reg;|y&amp;curren;|yx}xw&amp;yen;&amp;pound;yAv&amp;laquo;&amp;ordf;]&amp;copy;y&amp;copy;}w|uz&amp;yen;&amp;yen;&amp;cent;xu&amp;ordf;]|ux&amp;curren;;&amp;ordf;xy|yu&amp;uml;&amp;ordf;u&amp;uml;&amp;ordf;y&amp;uml;u&amp;cent;&amp;cent;A|y&amp;cent;&amp;yen;&amp;yen;&amp;iexcl;&amp;copy;&amp;yen;vy&amp;uml;&amp;uml;&amp;deg;&amp;brvbar;&amp;yen;&amp;yen;&amp;uml;&amp;cent;&amp;deg;B66Y|SA&amp;reg;|u&amp;ordf;SAu|&amp;deg;y&amp;copy;5A&amp;laquo;&amp;brvbar;&amp;yen;&amp;curren;&amp;ordf;|y&amp;reg;|&amp;yen;&amp;cent;y]&amp;ordf;|}&amp;curren;&amp;iexcl;&amp;deg;&amp;yen;&amp;laquo;|uxvy&amp;ordf;&amp;ordf;y&amp;uml;&amp;curren;&amp;yen;&amp;ordf;vy&amp;ordf;&amp;yen;&amp;yen;&amp;copy;y&amp;not;y&amp;uml;y&amp;reg;}&amp;ordf;|&amp;ordf;|y&amp;brvbar;&amp;yen;&amp;yen;&amp;uml;zy&amp;cent;&amp;cent;&amp;yen;&amp;reg;Ax&amp;yen;&amp;curren;;&amp;ordf;z&amp;cent;&amp;yen;{|}&amp;pound;@^&amp;laquo;&amp;brvbar;}&amp;ordf;y&amp;uml;A|ywu&amp;curren;;&amp;ordf;&amp;not;y&amp;uml;&amp;deg;&amp;reg;y&amp;cent;&amp;cent;&amp;copy;&amp;ordf;u&amp;curren;x}&amp;ordf;Av&amp;laquo;&amp;ordf;wu&amp;curren;&amp;deg;&amp;yen;&amp;laquo;z&amp;yen;&amp;uml;&amp;pound;&amp;curren;&amp;yen;}xyu&amp;yen;z&amp;reg;|u&amp;ordf;|u&amp;copy;&amp;yen;wwu&amp;copy;}&amp;yen;&amp;curren;yx&amp;ordf;|}&amp;copy;}&amp;cent;&amp;cent;&amp;curren;y&amp;copy;&amp;copy;@&amp;yen;&amp;uml;&amp;uml;u&amp;ordf;|y&amp;uml;&amp;ordf;|}&amp;copy;w|u&amp;curren;{y&amp;yen;zw&amp;yen;&amp;curren;x&amp;laquo;w&amp;ordf;S\\\\u&amp;copy;u&amp;curren;&amp;deg;&amp;ordf;|}&amp;curren;{&amp;laquo;&amp;curren;&amp;brvbar;&amp;cent;yu&amp;copy;u&amp;curren;&amp;ordf;|u&amp;brvbar;&amp;brvbar;y&amp;curren;yx&amp;copy;}&amp;curren;wy]&amp;copy;u&amp;reg;&amp;deg;&amp;yen;&amp;laquo;S6',2,1,0,'20'),
 (19,'&amp;quot;No,massa,deyaintbinnoffinunpleasantsinceden-\\\'twasforedenI\\\'mfeared-\\\'twasdeberrydayyouwasdare.&amp;quot;&amp;quot;How?whatdoyoumean?&amp;quot;&amp;quot;Why,massa,Imeandebug-darenow.&amp;quot;&amp;quot;Thewhat?&amp;quot;&amp;quot;Debug,-I\\\'mberrysartaindatMassaWillbinbitsomewhereboutdeheadbydatgoole-bug.&amp;quot;&amp;quot;Andwhatcausehaveyou,Jupiter,forsuchasupposition?&amp;quot;&amp;quot;Clawsenuff,massa,andmouthtoo.Inebberdidseesickadeucedbug-hekickandhebiteeberytingwhatcumnearhim.MassaWillcotchhimfuss,buthadfortolethimgoginmightyquick,Itellyou-denwasdetimehemusthagotdebite.Ididn\\\'tlikedelookohdebugmouff,myself,nohow,soIwouldn\\\'ttakeholdobhimwidmyfinger,butIcotchhimwidapieceobpaperdatIfound.Iraphimupindepaperandstuffpieceobitinhemouff-datwasdeway.&amp;quot;','Iu&amp;sup1;S&amp;middot;&amp;ordf;&amp;frac12;&amp;frac12;&amp;ordf;S&amp;reg;&amp;macr;&amp;Atilde;&amp;ordf;&amp;sup3;&amp;cedil;&amp;frac34;&amp;laquo;&amp;sup3;&amp;cedil;&amp;cedil;&amp;sup1;&amp;deg;&amp;deg;&amp;sup3;&amp;cedil;&amp;iquest;&amp;cedil;&amp;ordm;&amp;para;&amp;macr;&amp;ordf;&amp;frac12;&amp;ordf;&amp;cedil;&amp;frac34;&amp;frac12;&amp;sup3;&amp;cedil;&amp;not;&amp;macr;&amp;reg;&amp;macr;&amp;cedil;TN&amp;frac34;&amp;Aacute;&amp;ordf;&amp;frac12;&amp;deg;&amp;sup1;&amp;frac14;&amp;macr;&amp;reg;&amp;macr;&amp;cedil;pN&amp;middot;&amp;deg;&amp;macr;&amp;ordf;&amp;frac14;&amp;macr;&amp;reg;TN&amp;frac34;&amp;Aacute;&amp;ordf;&amp;frac12;&amp;reg;&amp;macr;&amp;laquo;&amp;macr;&amp;frac14;&amp;frac14;&amp;Atilde;&amp;reg;&amp;ordf;&amp;Atilde;&amp;Atilde;&amp;sup1;&amp;iquest;&amp;Aacute;&amp;ordf;&amp;frac12;&amp;reg;&amp;ordf;&amp;frac14;&amp;macr;UIIo&amp;sup1;&amp;Aacute;f&amp;Aacute;&amp;sup2;&amp;ordf;&amp;frac34;&amp;reg;&amp;sup1;&amp;Atilde;&amp;sup1;&amp;iquest;&amp;middot;&amp;macr;&amp;ordf;&amp;cedil;fII~&amp;sup2;&amp;Atilde;S&amp;middot;&amp;ordf;&amp;frac12;&amp;frac12;&amp;ordf;Sp&amp;middot;&amp;macr;&amp;ordf;&amp;cedil;&amp;reg;&amp;macr;&amp;laquo;&amp;iquest;&amp;plusmn;T&amp;reg;&amp;ordf;&amp;frac14;&amp;macr;&amp;cedil;&amp;sup1;&amp;Aacute;UII{&amp;sup2;&amp;macr;&amp;Aacute;&amp;sup2;&amp;ordf;&amp;frac34;fIIk&amp;macr;&amp;laquo;&amp;iquest;&amp;plusmn;STpN&amp;middot;&amp;laquo;&amp;macr;&amp;frac14;&amp;frac14;&amp;Atilde;&amp;frac12;&amp;ordf;&amp;frac14;&amp;frac34;&amp;ordf;&amp;sup3;&amp;cedil;&amp;reg;&amp;ordf;&amp;frac34;t&amp;ordf;&amp;frac12;&amp;frac12;&amp;ordf;~&amp;sup3;&amp;para;&amp;para;&amp;laquo;&amp;sup3;&amp;cedil;&amp;laquo;&amp;sup3;&amp;frac34;&amp;frac12;&amp;sup1;&amp;middot;&amp;macr;&amp;Aacute;&amp;sup2;&amp;macr;&amp;frac14;&amp;macr;&amp;laquo;&amp;sup1;&amp;iquest;&amp;frac34;&amp;reg;&amp;macr;&amp;sup2;&amp;macr;&amp;ordf;&amp;reg;&amp;laquo;&amp;Atilde;&amp;reg;&amp;ordf;&amp;frac34;&amp;plusmn;&amp;sup1;&amp;sup1;&amp;para;&amp;macr;T&amp;laquo;&amp;iquest;&amp;plusmn;UIIh&amp;cedil;&amp;reg;&amp;Aacute;&amp;sup2;&amp;ordf;&amp;frac34;&amp;not;&amp;ordf;&amp;iquest;&amp;frac12;&amp;macr;&amp;sup2;&amp;ordf;&amp;Agrave;&amp;macr;&amp;Atilde;&amp;sup1;&amp;iquest;Sq&amp;iquest;&amp;ordm;&amp;sup3;&amp;frac34;&amp;macr;&amp;frac14;S&amp;deg;&amp;sup1;&amp;frac14;&amp;frac12;&amp;iquest;&amp;not;&amp;sup2;&amp;ordf;&amp;frac12;&amp;iquest;&amp;ordm;&amp;ordm;&amp;sup1;&amp;frac12;&amp;sup3;&amp;frac34;&amp;sup3;&amp;sup1;&amp;cedil;fIIj&amp;para;&amp;ordf;&amp;Aacute;&amp;frac12;&amp;macr;&amp;cedil;&amp;iquest;&amp;deg;&amp;deg;S&amp;middot;&amp;ordf;&amp;frac12;&amp;frac12;&amp;ordf;S&amp;ordf;&amp;cedil;&amp;reg;&amp;middot;&amp;sup1;&amp;iquest;&amp;frac34;&amp;sup2;&amp;frac34;&amp;sup1;&amp;sup1;Up&amp;cedil;&amp;macr;&amp;laquo;&amp;laquo;&amp;macr;&amp;frac14;&amp;reg;&amp;sup3;&amp;reg;&amp;frac12;&amp;macr;&amp;macr;&amp;frac12;&amp;sup3;&amp;not;&amp;micro;&amp;ordf;&amp;reg;&amp;macr;&amp;iquest;&amp;not;&amp;macr;&amp;reg;&amp;laquo;&amp;iquest;&amp;plusmn;T&amp;sup2;&amp;macr;&amp;micro;&amp;sup3;&amp;not;&amp;micro;&amp;ordf;&amp;cedil;&amp;reg;&amp;sup2;&amp;macr;&amp;laquo;&amp;sup3;&amp;frac34;&amp;macr;&amp;macr;&amp;laquo;&amp;macr;&amp;frac14;&amp;Atilde;&amp;frac34;&amp;sup3;&amp;cedil;&amp;plusmn;&amp;Aacute;&amp;sup2;&amp;ordf;&amp;frac34;&amp;not;&amp;iquest;&amp;middot;&amp;cedil;&amp;macr;&amp;ordf;&amp;frac14;&amp;sup2;&amp;sup3;&amp;middot;Ut&amp;ordf;&amp;frac12;&amp;frac12;&amp;ordf;~&amp;sup3;&amp;para;&amp;para;&amp;not;&amp;sup1;&amp;frac34;&amp;not;&amp;sup2;&amp;sup2;&amp;sup3;&amp;middot;&amp;deg;&amp;iquest;&amp;frac12;&amp;frac12;S&amp;laquo;&amp;iquest;&amp;frac34;&amp;sup2;&amp;ordf;&amp;reg;&amp;deg;&amp;sup1;&amp;frac14;&amp;frac34;&amp;sup1;&amp;para;&amp;macr;&amp;frac34;&amp;sup2;&amp;sup3;&amp;middot;&amp;plusmn;&amp;sup1;&amp;plusmn;&amp;sup3;&amp;cedil;&amp;middot;&amp;sup3;&amp;plusmn;&amp;sup2;&amp;frac34;&amp;Atilde;&amp;raquo;&amp;iquest;&amp;sup3;&amp;not;&amp;micro;Sp&amp;frac34;&amp;macr;&amp;para;&amp;para;&amp;Atilde;&amp;sup1;&amp;iquest;T&amp;reg;&amp;macr;&amp;cedil;&amp;Aacute;&amp;ordf;&amp;frac12;&amp;reg;&amp;macr;&amp;frac34;&amp;sup3;&amp;middot;&amp;macr;&amp;sup2;&amp;macr;&amp;middot;&amp;iquest;&amp;frac12;&amp;frac34;&amp;sup2;&amp;ordf;&amp;plusmn;&amp;sup1;&amp;frac34;&amp;reg;&amp;macr;&amp;laquo;&amp;sup3;&amp;frac34;&amp;macr;Up&amp;reg;&amp;sup3;&amp;reg;&amp;cedil;N&amp;frac34;&amp;para;&amp;sup3;&amp;micro;&amp;macr;&amp;reg;&amp;macr;&amp;para;&amp;sup1;&amp;sup1;&amp;micro;&amp;sup1;&amp;sup2;&amp;reg;&amp;macr;&amp;laquo;&amp;iquest;&amp;plusmn;&amp;middot;&amp;sup1;&amp;iquest;&amp;deg;&amp;deg;S&amp;middot;&amp;Atilde;&amp;frac12;&amp;macr;&amp;para;&amp;deg;S&amp;cedil;&amp;sup1;&amp;sup2;&amp;sup1;&amp;Aacute;S&amp;frac12;&amp;sup1;p&amp;Aacute;&amp;sup1;&amp;iquest;&amp;para;&amp;reg;&amp;cedil;N&amp;frac34;&amp;frac34;&amp;ordf;&amp;micro;&amp;macr;&amp;sup2;&amp;sup1;&amp;para;&amp;reg;&amp;sup1;&amp;laquo;&amp;sup2;&amp;sup3;&amp;middot;&amp;Aacute;&amp;sup3;&amp;reg;&amp;middot;&amp;Atilde;&amp;deg;&amp;sup3;&amp;cedil;&amp;plusmn;&amp;macr;&amp;frac14;S&amp;laquo;&amp;iquest;&amp;frac34;p&amp;not;&amp;sup1;&amp;frac34;&amp;not;&amp;sup2;&amp;sup2;&amp;sup3;&amp;middot;&amp;Aacute;&amp;sup3;&amp;reg;&amp;ordf;&amp;ordm;&amp;sup3;&amp;macr;&amp;not;&amp;macr;&amp;sup1;&amp;laquo;&amp;ordm;&amp;ordf;&amp;ordm;&amp;macr;&amp;frac14;&amp;reg;&amp;ordf;&amp;frac34;p&amp;deg;&amp;sup1;&amp;iquest;&amp;cedil;&amp;reg;Up&amp;frac14;&amp;ordf;&amp;ordm;&amp;sup2;&amp;sup3;&amp;middot;&amp;iquest;&amp;ordm;&amp;sup3;&amp;cedil;&amp;reg;&amp;macr;&amp;ordm;&amp;ordf;&amp;ordm;&amp;macr;&amp;frac14;&amp;ordf;&amp;cedil;&amp;reg;&amp;frac12;&amp;frac34;&amp;iquest;&amp;deg;&amp;deg;&amp;ordm;&amp;sup3;&amp;macr;&amp;not;&amp;macr;&amp;sup1;&amp;laquo;&amp;sup3;&amp;frac34;&amp;sup3;&amp;cedil;&amp;sup2;&amp;macr;&amp;middot;&amp;sup1;&amp;iquest;&amp;deg;&amp;deg;T&amp;reg;&amp;ordf;&amp;frac34;&amp;Aacute;&amp;ordf;&amp;frac12;&amp;reg;&amp;macr;&amp;Aacute;&amp;ordf;&amp;Atilde;UI',2,1,0,'39'),
 (20,'&amp;quot;Andyouthink,then,thatyourmasterwasreallybittenbythebeetle,andthatthebitemadehimsick?&amp;quot;&amp;quot;Idon\\\'ttinknoffinaboutit-Inoseit.Whatmakehimdreamboutdegoolesomuch,iftaintcausehebitbydegoole-bug?Iseheerdboutdemgoole-bugsforedis.&amp;quot;&amp;quot;Buthowdoyouknowhedreamsaboutgold?&amp;quot;&amp;quot;HowIknow?whycausehetalkaboutitinhesleep-dat\\\'showInose.&amp;quot;&amp;quot;Well,Jup,perhapsyouareright;buttowhatfortunatecircumstanceamItoattributethehonorofavisitfromyouto-day?&amp;quot;&amp;quot;Whatdematter,massa?&amp;quot;&amp;quot;DidyoubringanymessagefromMr.Legrand?&amp;quot;&amp;quot;No,massa,Ibringdisherepissel;&amp;quot;andhereJupiterhandedmeanotewhichranthus:','&amp;szlig;&amp;thorn;KAVLRQEFKH&amp;eacute;QEBK&amp;eacute;QE&amp;gt;QVLROJ&amp;gt;PQBOT&amp;gt;POB&amp;gt;IIV?FQQBK?VQEB?BBQIB&amp;eacute;&amp;gt;KAQE&amp;gt;QQEB?FQBJ&amp;gt;ABEFJPF@H&amp;uuml;&amp;szlig;&amp;szlig;&amp;amp;ALK&amp;auml;QQFKHKLCCFK&amp;gt;?LRQFQ&amp;ecirc;&amp;amp;KLPBFQ&amp;euml;4E&amp;gt;QJ&amp;gt;HBEFJAOB&amp;gt;J?LRQABDLLIBPLJR@E&amp;eacute;FCQ&amp;gt;FKQ@&amp;gt;RPBEB?FQ?VABDLLIB&amp;ecirc;?RD&amp;uuml;&amp;amp;PBEBBOA?LRQABJDLLIB&amp;ecirc;?RDPCLOBAFP&amp;euml;&amp;szlig;&amp;szlig;&amp;yuml;RQELTALVLRHKLTEBAOB&amp;gt;JP&amp;gt;?LRQDLIA&amp;uuml;&amp;szlig;&amp;szlig;%LT&amp;amp;HKLT&amp;uuml;TEV@&amp;gt;RPBEBQ&amp;gt;IH&amp;gt;?LRQFQFKEBPIBBM&amp;ecirc;A&amp;gt;Q&amp;auml;PELT&amp;amp;KLPB&amp;euml;&amp;szlig;&amp;szlig;4BII&amp;eacute;\\\'RM&amp;eacute;MBOE&amp;gt;MPVLR&amp;gt;OBOFDEQ&amp;oslash;?RQQLTE&amp;gt;QCLOQRK&amp;gt;QB@FO@RJPQ&amp;gt;K@B&amp;gt;J&amp;amp;QL&amp;gt;QQOF?RQBQEBELKLOLC&amp;gt;SFPFQCOLJVLRQL&amp;ecirc;A&amp;gt;V&amp;uuml;&amp;szlig;&amp;szlig;4E&amp;gt;QABJ&amp;gt;QQBO&amp;eacute;J&amp;gt;PP&amp;gt;&amp;uuml;&amp;szlig;&amp;szlig;!FAVLR?OFKD&amp;gt;KVJBPP&amp;gt;DBCOLJ*O&amp;euml;)BDO&amp;gt;KA&amp;uuml;&amp;szlig;&amp;szlig;+L&amp;eacute;J&amp;gt;PP&amp;gt;&amp;eacute;&amp;amp;?OFKDAFPEBOBMFPPBI&amp;oslash;&amp;szlig;&amp;gt;KAEBOB\\\'RMFQBOE&amp;gt;KABAJB&amp;gt;KLQBTEF@EO&amp;gt;KQERP&amp;divide;',2,1,0,'154');
/*!40000 ALTER TABLE `textos` ENABLE KEYS */;


--
-- Definition of table `usuarios`
--

DROP TABLE IF EXISTS `usuarios`;
CREATE TABLE `usuarios` (
  `id_usuario` int(10) unsigned NOT NULL AUTO_INCREMENT,
  `nombres` varchar(100) NOT NULL,
  `apellidos` varchar(100) NOT NULL,
  `usuario` varchar(80) NOT NULL,
  `contrasena` varchar(80) NOT NULL,
  `correo_electronico` varchar(80) NOT NULL,
  `administrador` tinyint(1) NOT NULL DEFAULT '0',
  `fecha_creacion` varchar(10) NOT NULL,
  PRIMARY KEY (`id_usuario`),
  UNIQUE KEY `UNIQUE_User` (`usuario`)
) ENGINE=InnoDB AUTO_INCREMENT=5 DEFAULT CHARSET=utf8;

--
-- Dumping data for table `usuarios`
--

/*!40000 ALTER TABLE `usuarios` DISABLE KEYS */;
INSERT INTO `usuarios` (`id_usuario`,`nombres`,`apellidos`,`usuario`,`contrasena`,`correo_electronico`,`administrador`,`fecha_creacion`) VALUES 
 (1,'Christian Adolfo','Rodriguez Bustos','carodriguezb','6542e0cd76fa2569c5d7842cd432b20b058ab34aa231547c4b03d57de241b57f','carodriguezb@unal.edu.co',1,'2009-07-19'),
 (2,'Laura','Moreno Cubillos','lvmorenoc','16c96698b4a6c734caddcf546c67ea9021b06d5c6b5724637204c6ba74deded3','lvmorenoc@unal.edu.co',1,'2009-07-19'),
 (3,'David Alberto','Monta&ntilde; Fetecua','damontanofe','c88f58200bfe07ae5d40513223d539e9cd9329777b9fcb64952024b908e6dd09','damontanofe@unal.edu.co',1,'2009-07-20'),
 (4,'Agust&iacute;n','Moreno','amorenoca','8c34b5e80c5211f973863283978868eca1d2f7bf327416ad6a912e6b6bdb9e1a','amorenoca@unal.edu.co',1,'2009-09-10');
/*!40000 ALTER TABLE `usuarios` ENABLE KEYS */;




/*!40101 SET SQL_MODE=@OLD_SQL_MODE */;
/*!40014 SET FOREIGN_KEY_CHECKS=@OLD_FOREIGN_KEY_CHECKS */;
/*!40014 SET UNIQUE_CHECKS=@OLD_UNIQUE_CHECKS */;
/*!40101 SET CHARACTER_SET_CLIENT=@OLD_CHARACTER_SET_CLIENT */;
/*!40101 SET CHARACTER_SET_RESULTS=@OLD_CHARACTER_SET_RESULTS */;
/*!40101 SET COLLATION_CONNECTION=@OLD_COLLATION_CONNECTION */;
/*!40101 SET CHARACTER_SET_CLIENT=@OLD_CHARACTER_SET_CLIENT */;
